"","plot_names","all_spp"
"1","A107",""
"2","A107","Daucus carota"
"3","A107","Monarda fistulosa"
"4","A107","Potentilla recta"
"5","A107","Securigera varia"
"6","A107","Silphium laciniatum"
"7","A107","Solidago canadensis"
"8","A116","Alliaria petiolata"
"9","A116","Allium"
"10","A116","Fragaria virginiana"
"11","A116","Galium aparine"
"12","A116","Ligusticum"
"13","A116","Lonicera maackii"
"14","A116","Lonicera tatarica"
"15","A116","Polygonum virginianum"
"16","A116","Quercus macrocarpa"
"17","A116","Rhamnus cathartica"
"18","A116","Rubus occidentalis"
"19","A116","Salix"
"20","A116","Solidago canadensis"
"21","A116","Symphyotrichum"
"22","A121","Allium canadense"
"23","A121","Allium cernuum"
"24","A121","Celastrus orbiculatus"
"25","A121","Galium triflorum"
"26","A121","Juglans nigra"
"27","A121","Polygonatum biflorum"
"28","A121","Solidago canadensis"
"29","A121","Symphyotrichum lateriflorum"
"30","A124",""
"31","A124","Acer saccharum"
"32","A124","Cardamine concatenata"
"33","A124","Erythronium albidum"
"34","A124","Geum canadense"
"35","A124","Impatiens"
"36","A124","Nabalus albus"
"37","A124","Sanicula gregaria"
"38","A126",""
"39","A126","Acer saccharum"
"40","A126","Agrimonia pubescens"
"41","A126","Cardamine concatenata"
"42","A126","Erythronium albidum"
"43","A126","Geranium maculatum"
"44","A126","Ranunculus"
"45","A126","Sanicula gregaria"
"46","A126","Trillium recurvatum"
"47","A126","Viola"
"48","A128",""
"49","A128","Agrimonia pubescens"
"50","A128","Allium canadense"
"51","A128","Erythronium albidum"
"52","A128","Quercus macrocarpa"
"53","A131","Celtis occidentalis"
"54","A131","Fraxinus"
"55","A131","Fraxinus quadrangulata"
"56","A131","Maianthemum racemosum"
"57","A131","Quercus rubra"
"58","A131","Ulmus americana"
"59","A133","Acer saccharum"
"60","A133","Eupatorium"
"61","A133","Fraxinus"
"62","A133","Galium triflorum"
"63","A133","Geum canadense"
"64","A133","Hackelia virginiana"
"65","A133","Maianthemum racemosum"
"66","A133","Rubus occidentalis"
"67","A133","Solidago canadensis"
"68","A133","Symphyotrichum lateriflorum"
"69","A133","Taraxacum campylodes"
"70","A133","Ulmus americana"
"71","A135",""
"72","A135","Agrimonia pubescens"
"73","A135","Fraxinus"
"74","A135","Hackelia virginiana"
"75","A135","Morus alba"
"76","A135","Phellodendron amurense"
"77","A135","Rubus occidentalis"
"78","A135","Solidago canadensis"
"79","A135","Sonchus arvensis"
"80","A135","Taraxacum campylodes"
"81","A135","Viola sororia"
"82","AA114","Acer saccharum"
"83","AA114","Cerastium"
"84","AA114","Claytonia virginica"
"85","AA114","Composite species"
"86","AA114","Crataegus"
"87","AA114","Erythronium albidum"
"88","AA116","Acer saccharum"
"89","AA116","Alliaria petiolata"
"90","AA116","Claytonia virginica"
"91","AA116","Fraxinus"
"92","AA117","Acer saccharum"
"93","AA117","Anemone quinquefolia"
"94","AA117","Anemonella thalictroides"
"95","AA117","Cardamine concatenata"
"96","AA117","Carex"
"97","AA117","Carex pensylvanica"
"98","AA117","Claytonia virginica"
"99","AA117","Erythronium albidum"
"100","AA117","Fraxinus"
"101","AA117","Galium aparine"
"102","AA117","Geum canadense"
"103","AA117","Oxalis stricta"
"104","AA117","Podophyllum peltatum"
"105","AA117","Solidago canadensis"
"106","AA118",""
"107","AA118","Acer saccharum"
"108","AA118","Alliaria petiolata"
"109","AA118","Allium canadense"
"110","AA118","Anemone quinquefolia"
"111","AA118","Cardamine concatenata"
"112","AA118","Claytonia virginica"
"113","AA118","Erythronium albidum"
"114","AA118","Floerkea proserpinacoides"
"115","AA118","Fraxinus"
"116","AA118","Impatiens"
"117","AA125",""
"118","AA125","Acer saccharum"
"119","AA125","Claytonia virginica"
"120","AA125","Erythronium albidum"
"121","AA125","Floerkea proserpinacoides"
"122","AA125","Fraxinus"
"123","AA125","Galium aparine"
"124","AA125","Geum canadense"
"125","AA125","Hydrophyllum appendiculatum"
"126","AA125","Impatiens"
"127","AA129","Acer saccharum"
"128","AA129","Floerkea proserpinacoides"
"129","Z76",""
"130","Z76","Acer saccharum"
"131","Z76","Claytonia virginica"
"132","Z76","Erigeron"
"133","Z76","Fraxinus"
"134","Z76","Impatiens"
"135","Z76","Picea abies"
"136","Z76","Poa pratensis"
"137","Z76","Rubus"
"138","Z76","Taraxacum campylodes"
"139","Z76","Vitis"
"140","Z86",""
"141","Z86","Alliaria petiolata"
"142","Z86","Geum canadense"
"143","Z86","Hackelia virginiana"
"144","Z86","Impatiens"
"145","Z86","Polygonum virginianum"
"146","Z86","Ranunculus hispidus"
"147","Z86","Solidago canadensis"
"148","AA95","Ageratina altissima"
"149","AA95","Allium canadense"
"150","AA95","Arisaema triphyllum"
"151","AA95","Circaea lutetiana"
"152","AA95","Claytonia virginica"
"153","AA95","Erythronium albidum"
"154","AA95","Geranium maculatum"
"155","AA95","Geum canadense"
"156","AA95","Impatiens"
"157","AA95","Maianthemum racemosum"
"158","AA95","Osmorhiza"
"159","AA95","Parthenocissus quinquefolia"
"160","AA95","Quercus alba"
"161","AA95","Tilia americana"
"162","AA95","Trillium recurvatum"
"163","AA95","Ulmus rubra"
"164","AY130","Cirsium vulgare"
"165","AY130","Erythronium albidum"
"166","AX131",""
"167","AX132",""
"168","AX132","Allium canadense"
"169","AX132","Allium vineale"
"170","AX132","Pastinaca sativa"
"171","AX132","Phalaris arundinacea"
"172","AX132","Poa pratensis"
"173","AX132","Rhamnus cathartica"
"174","AX132","Securigera varia"
"175","AY122",""
"176","AY122","Allium canadense"
"177","AY122","Carex"
"178","AY122","Clinopodium vulgare"
"179","AY122","Poa pratensis"
"180","AY122","Prunus virginiana"
"181","AY124",""
"182","AY124","Allium canadense"
"183","AY124","Cardamine concatenata"
"184","AY124","Erythronium albidum"
"185","AY124","Hydrophyllum virginianum"
"186","AY124","Lonicera maackii"
"187","AY127","Carex pensylvanica"
"188","AY127","Dactylis glomerata"
"189","AY127","Dipsacus fullonum"
"190","AY127","Erythronium albidum"
"191","AY127","Fragaria virginiana"
"192","AY127","Morus alba"
"193","AY127","Phellodendron amurense"
"194","AY127","Poa pratensis"
"195","AY127","Quercus alba"
"196","AY127","Rosa"
"197","AY127","Securigera varia"
"198","AY127","Tilia americana"
"199","AY127","Trillium recurvatum"
"200","AZ133","Erythronium albidum"
"201","AZ133","Fraxinus"
"202","AZ133","Prunus virginiana"
"203","AZ133","Rubus occidentalis"
"204","AZ133","Taraxacum campylodes"
"205","AZ133","Ulmus americana"
"206","AZ138",""
"207","AZ138","Allium vineale"
"208","AZ138","Carex"
"209","AZ138","Elymus villosus"
"210","AZ138","Festuca arundinacea"
"211","AZ138","Poa pratensis"
"212","AZ138","Symphyotrichum drummondii"
"213","AZ138","Symphyotrichum lateriflorum"
"214","AZ138","Taraxacum campylodes"
"215","B109",""
"216","B109","Achillea millefolium"
"217","B109","Arnoglossum atriplicifolium"
"218","B109","Bromus inermis"
"219","B109","Daucus carota"
"220","B109","Monarda fistulosa"
"221","B109","Plantago lanceolata"
"222","B109","Schizachyrium scoparium"
"223","B109","Solidago canadensis"
"224","B109","Symphyotrichum"
"225","B109","Symphyotrichum drummondii"
"226","B109","Symphyotrichum novae-angliae"
"227","B115","Quercus ellipsoidalis"
"228","B115","Quercus macrocarpa"
"229","B127",""
"230","B127","Acer saccharum"
"231","B127","Agrimonia pubescens"
"232","B127","Allium canadense"
"233","B127","Anemonella thalictroides"
"234","B127","Cardamine concatenata"
"235","B127","Erythronium albidum"
"236","B127","Galium aparine"
"237","B127","Impatiens"
"238","B127","Quercus alba"
"239","B127","Solidago ulmifolia"
"240","B127","Symphyotrichum shortii"
"241","B128",""
"242","B128","Cardamine concatenata"
"243","B128","Carex"
"244","B128","Erythronium albidum"
"245","B128","Fraxinus"
"246","B128","Galium aparine"
"247","B128","Impatiens"
"248","B128","Juglans nigra"
"249","B128","Sanicula gregaria"
"250","B128","Solidago ulmifolia"
"251","B128","Symphyotrichum drummondii"
"252","B128","Symphyotrichum lateriflorum"
"253","B138",""
"254","B138","Allium vineale"
"255","B138","Bromus inermis"
"256","B138","Clinopodium vulgare"
"257","BB107",""
"258","BB107","Acer saccharum"
"259","BB107","Agrimonia"
"260","BB107","Alliaria petiolata"
"261","BB107","Dactylis glomerata"
"262","BB107","Daucus carota"
"263","BB107","Solidago ulmifolia"
"264","BB107","Symphyotrichum drummondii"
"265","BB107","Taraxacum campylodes"
"266","BB116","Acer saccharum"
"267","BB116","Anemone quinquefolia"
"268","BB116","Claytonia virginica"
"269","BB116","Dicentra cucullaria"
"270","BB116","Erythronium albidum"
"271","BB116","Impatiens capensis"
"272","BB118","Acer saccharum"
"273","BB118","Floerkea proserpinacoides"
"274","BB118","Fraxinus"
"275","BB118","Ranunculus hispidus"
"276","BB121","Acer saccharum"
"277","BB121","Cardamine concatenata"
"278","BB121","Clematis virginiana"
"279","BB121","Dicentra cucullaria"
"280","BB121","Floerkea proserpinacoides"
"281","BB121","Fraxinus"
"282","BB121","Galium aparine"
"283","BB121","Impatiens"
"284","BB121","Oxalis stricta"
"285","BB121","Tilia americana"
"286","BB140","Acer saccharum"
"287","BB140","Ficaria verna"
"288","BB140","Lonicera maackii"
"289","BB140","Ranunculus"
"290","BB141",""
"291","BB141","Alliaria petiolata"
"292","BB141","Ambrosia trifida"
"293","BB141","Arctium minus"
"294","BB141","Daucus carota"
"295","BB141","Fragaria virginiana"
"296","BB141","Geum canadense"
"297","BB141","Lonicera maackii"
"298","BB141","Oxalis"
"299","BB141","Parthenocissus quinquefolia"
"300","BB141","Rosa multiflora"
"301","BB141","Solidago canadensis"
"302","BB141","Taraxacum campylodes"
"303","BB141","Torilis japonica"
"304","BB141","Ulmus pumila"
"305","BB144",""
"306","BB144","Acer saccharum"
"307","BB144","Celtis occidentalis"
"308","BB144","Fraxinus"
"309","BB144","Ostrya virginiana"
"310","BB144","Parthenocissus quinquefolia"
"311","BB84","Acer saccharum"
"312","BB84","Ageratina altissima"
"313","BB84","Anemonella thalictroides"
"314","BB84","Circaea lutetiana"
"315","BB84","Claytonia virginica"
"316","BB84","Erythronium albidum"
"317","BB84","Impatiens"
"318","BB84","Maianthemum racemosum"
"319","BB84","Parthenocissus quinquefolia"
"320","BB84","Prunus serotina"
"321","BB84","Quercus rubra"
"322","BB84","Tilia americana"
"323","BB92",""
"324","BB92","Ageratina altissima"
"325","BB92","Alliaria petiolata"
"326","BB92","Arisaema triphyllum"
"327","BB92","Carex"
"328","BB92","Claytonia virginica"
"329","BB92","Erythronium albidum"
"330","BB92","Galium aparine"
"331","BB92","Geranium maculatum"
"332","BB92","Impatiens"
"333","BB92","Polygonum virginianum"
"334","BB92","Potentilla simplex"
"335","BB92","Quercus alba"
"336","BB92","Quercus rubra"
"337","BB92","Solidago ulmifolia"
"338","BB92","Symphyotrichum lateriflorum"
"339","C105",""
"340","C105","Achillea millefolium"
"341","C105","Agrimonia"
"342","C105","Barbarea vulgaris"
"343","C105","Cirsium"
"344","C105","Daucus carota"
"345","C105","Galium aparine"
"346","C105","Helianthus grosseserratus"
"347","C111",""
"348","C111","Acer platanoides"
"349","C111","Helianthus species"
"350","C111","Maianthemum racemosum"
"351","C111","Prunus serotina"
"352","C111","Ulmus americana"
"353","C120","Carya cordiformis"
"354","C120","Erythronium albidum"
"355","C120","Fraxinus"
"356","C120","Impatiens"
"357","C120","Juglans nigra"
"358","C120","Osmorhiza"
"359","C120","Ostrya virginiana"
"360","C120","Quercus ellipsoidalis"
"361","C123","Cardamine concatenata"
"362","C123","Claytonia virginica"
"363","C123","Erythronium albidum"
"364","C123","Polemonium reptans"
"365","C123","Rubus allegheniensis"
"366","C123","Rubus pensilvanicus"
"367","C123","Solidago ulmifolia"
"368","C123","Symphyotrichum shortii"
"369","C125",""
"370","C125","Acer saccharum"
"371","C125","Allium canadense"
"372","C125","Cardamine concatenata"
"373","C125","Carex"
"374","C125","Erythronium albidum"
"375","C125","Hackelia virginiana"
"376","C125","Hydrophyllum virginianum"
"377","C125","Impatiens"
"378","C125","Potentilla simplex"
"379","C125","Tilia americana"
"380","CC109","Acer saccharum"
"381","CC109","Cerastium"
"382","CC109","Composite"
"383","CC109","Elymus elymoides"
"384","CC109","Fragaria virginiana"
"385","CC109","Galium triflorum"
"386","CC109","Ostrya virginiana"
"387","CC109","Quercus macrocarpa"
"388","CC109","Rubus"
"389","CC109","Symphyotrichum drummondii"
"390","BB115","Apocynum cannabinum"
"391","BB115","Daucus carota"
"392","BB115","Fragaria virginiana"
"393","BB115","Monarda fistulosa"
"394","BB115","Parthenocissus quinquefolia"
"395","BB115","Poa pratensis"
"396","BB115","Rhamnus cathartica"
"397","BB115","Smilax"
"398","BB115","Solidago canadensis"
"399","BB115","Taraxacum campylodes"
"400","BB115","Trifolium pratense"
"401","CC123","Acer saccharum"
"402","CC123","Carex"
"403","CC123","Carya cordiformis"
"404","CC123","Claytonia virginica"
"405","CC123","Erythronium albidum"
"406","CC123","Floerkea proserpinacoides"
"407","CC123","Impatiens"
"408","CC138","Acer saccharum"
"409","CC138","Bidens frondosa"
"410","CC138","Convolvulus"
"411","CC138","Ficaria verna"
"412","CC138","Fraxinus"
"413","CC138","Impatiens"
"414","CC138","Poa compressa"
"415","CC138","Polygonum"
"416","CC138","Solidago"
"417","CC138","Taraxacum campylodes"
"418","CC138","Toxicodendron radicans"
"419","CC144",""
"420","CC144","Alliaria petiolata"
"421","CC144","Fraxinus"
"422","CC144","Morus"
"423","CC144","Ulmus americana"
"424","CC86","Acer saccharum"
"425","CC86","Ageratina altissima"
"426","CC86","Circaea lutetiana"
"427","CC86","Claytonia virginica"
"428","CC86","Geum canadense"
"429","CC86","Hackelia virginiana"
"430","CC86","Lonicera maackii"
"431","CC86","Osmorhiza"
"432","CC86","Quercus macrocarpa"
"433","CC86","Quercus rubra"
"434","CC86","Solidago canadensis"
"435","CC86","Solidago ulmifolia"
"436","CC96",""
"437","CC96","Acer saccharum"
"438","CC96","Ageratina altissima"
"439","CC96","Arisaema triphyllum"
"440","CC96","Claytonia virginica"
"441","CC96","Erythronium albidum"
"442","CC96","Hackelia virginiana"
"443","CC96","Impatiens"
"444","CC96","Osmorhiza"
"445","CC96","Phlox divaricata"
"446","CC96","Polygonatum biflorum"
"447","CC96","Quercus alba"
"448","CC96","Tilia americana"
"449","CC96","Trillium recurvatum"
"450","CC96","Viola"
"451","CC97",""
"452","CC97","Acer saccharum"
"453","CC97","Alliaria petiolata"
"454","CC97","Arisaema triphyllum"
"455","CC97","Claytonia virginica"
"456","CC97","Erythronium albidum"
"457","CC97","Maianthemum racemosum"
"458","CC97","Osmorhiza"
"459","CC97","Quercus alba"
"460","CC99",""
"461","CC99","Ageratina altissima"
"462","CC99","Arisaema triphyllum"
"463","CC99","Bidens species"
"464","CC99","Parthenocissus quinquefolia"
"465","CC99","Prunus serotina"
"466","CC99","Quercus"
"467","CC99","Quercus alba"
"468","CC99","Symphyotrichum drummondii"
"469","CC99","Tilia americana"
"470","CC99","Ulmus americana"
"471","D113",""
"472","D113","Alliaria petiolata"
"473","D113","Arisaema triphyllum"
"474","D113","Convolvulus"
"475","D113","Geum canadense"
"476","D113","Helianthus species"
"477","D113","Hydrophyllum"
"478","D113","Lonicera tatarica"
"479","D113","Menispermum"
"480","D113","Prunus serotina"
"481","D113","Quercus macrocarpa"
"482","D113","Rubus occidentalis"
"483","D117",""
"484","D117","Erythronium albidum"
"485","D117","Fraxinus"
"486","D117","Geum canadense"
"487","D117","Impatiens"
"488","D117","Lonicera maackii"
"489","D117","Polygonatum biflorum"
"490","D117","Symphyotrichum shortii"
"491","D123",""
"492","D123","Elymus elymoides"
"493","D123","Floerkea proserpinacoides"
"494","D123","Impatiens"
"495","D123","Phellodendron amurense"
"496","D123","Solidago canadensis"
"497","D123","Symphyotrichum lateriflorum"
"498","D123","Toxicodendron radicans"
"499","C127",""
"500","C127","Cardamine concatenata"
"501","C127","Erythronium albidum"
"502","C127","Fraxinus"
"503","C127","Fraxinus quadrangulata"
"504","C127","Impatiens"
"505","C127","Polemonium reptans"
"506","C127","Sanicula gregaria"
"507","C127","Solidago canadensis"
"508","C127","Trillium recurvatum"
"509","D134",""
"510","D134","Acer saccharum"
"511","D134","Claytonia virginica"
"512","D134","Fraxinus"
"513","DD100","Acer saccharum"
"514","DD100","Ageratina altissima"
"515","DD100","Alliaria petiolata"
"516","DD100","Circaea lutetiana"
"517","DD100","Floerkea proserpinacoides"
"518","DD100","Galium triflorum"
"519","DD100","Geum canadense"
"520","DD100","Hackelia virginiana"
"521","DD100","Impatiens"
"522","DD100","Lactuca canadensis"
"523","DD100","Quercus alba"
"524","DD100","Symphyotrichum lateriflorum"
"525","DD100","Tilia americana"
"526","DD100","Ulmus rubra"
"527","CC110",""
"528","CC110","Claytonia virginica"
"529","CC110","Elymus elymoides"
"530","CC110","Galium circaezans"
"531","CC110","Galium triflorum"
"532","CC110","Lactuca species"
"533","CC110","Lonicera tatarica"
"534","CC110","Potentilla simplex"
"535","CC110","Ranunculus hispidus"
"536","CC110","Rhamnus cathartica"
"537","CC110","Symphyotrichum drummondii"
"538","CC110","Ulmus rubra"
"539","DD112",""
"540","DD112","Acer saccharum"
"541","DD112","Maianthemum racemosum"
"542","DD112","Prunus serotina"
"543","DD112","Quercus alba"
"544","DD112","Symphyotrichum"
"545","DD112","Trillium recurvatum"
"546","DD114","Acer saccharum"
"547","DD114","Alliaria petiolata"
"548","DD114","Erythronium albidum"
"549","DD114","Tilia americana"
"550","DD115",""
"551","DD115","Acer saccharum"
"552","DD115","Ostrya virginiana"
"553","DD130","Ambrosia trifida"
"554","DD130","Laportea canadensis"
"555","DD130","Malus"
"556","DD130","Ranunculus hispidus"
"557","DD145",""
"558","DD145","Alliaria petiolata"
"559","DD145","Bidens species"
"560","DD145","Cirsium"
"561","DD145","Lonicera"
"562","DD145","Morus"
"563","DD145","Quercus macrocarpa"
"564","DD145","Taraxacum campylodes"
"565","DD145","Trillium recurvatum"
"566","DD148",""
"567","DD148","Acer negundo"
"568","DD148","Fraxinus"
"569","DD148","Lonicera"
"570","DD148","Rosa"
"571","DD148","Vitis vulpina"
"572","DD83",""
"573","DD83","Acer saccharum"
"574","DD83","Ageratina altissima"
"575","DD83","Alliaria petiolata"
"576","DD83","Circaea lutetiana"
"577","DD83","Claytonia virginica"
"578","DD83","Polygonatum biflorum"
"579","DD83","Quercus rubra"
"580","DD86","Acer saccharum"
"581","DD86","Arisaema triphyllum"
"582","DD86","Celtis occidentalis"
"583","DD86","Erythronium albidum"
"584","DD86","Galium aparine"
"585","DD86","Geum canadense"
"586","DD86","Juglans nigra"
"587","DD86","Maianthemum racemosum"
"588","DD86","Rubus occidentalis"
"589","DD86","Sambucus canadensis"
"590","DD90","Acer saccharum"
"591","DD90","Alliaria petiolata"
"592","DD90","Arisaema triphyllum"
"593","DD90","Claytonia virginica"
"594","DD90","Erythronium albidum"
"595","DD90","Galium aparine"
"596","DD90","Geranium maculatum"
"597","DD90","Ostrya virginiana"
"598","DD90","Polygonatum biflorum"
"599","DD90","Prunus serotina"
"600","DD90","Quercus alba"
"601","DD90","Solidago canadensis"
"602","DD90","Viola"
"603","E109",""
"604","E109","Epilobium coloratum"
"605","E109","Floerkea proserpinacoides"
"606","E109","Glyceria striata"
"607","E109","Sium suave"
"608","E111",""
"609","E111","Bidens frondosa"
"610","E111","Glechoma hederacea"
"611","E111","Ranunculus abortivus"
"612","E111","Scirpus atrovirens"
"613","D125",""
"614","D125","Acer saccharum"
"615","D125","Allium canadense"
"616","D125","Cardamine concatenata"
"617","D125","Erythronium albidum"
"618","D125","Fragaria virginiana"
"619","D125","Galium triflorum"
"620","D125","Geranium maculatum"
"621","D125","Quercus rubra"
"622","D125","Rubus hispidus"
"623","D125","Solidago canadensis"
"624","D125","Symphyotrichum shortii"
"625","D125","Taraxacum campylodes"
"626","EE108",""
"627","EE108","Carex"
"628","EE108","Elymus elymoides"
"629","EE108","Fragaria virginiana"
"630","EE108","Impatiens"
"631","EE108","Rubus"
"632","EE108","Solidago canadensis"
"633","EE108","Symphyotrichum drummondii"
"634","EE120",""
"635","EE120","Acer saccharum"
"636","EE120","Allium canadense"
"637","EE120","Claytonia virginica"
"638","EE120","Floerkea proserpinacoides"
"639","EE120","Ostrya virginiana"
"640","EE126","Alliaria petiolata"
"641","EE126","Ambrosia trifida"
"642","EE126","Carya cordiformis"
"643","EE126","Celtis occidentalis"
"644","EE126","Chenopodium album"
"645","EE126","Cryptotaenia canadensis"
"646","EE126","Floerkea proserpinacoides"
"647","EE126","Geum canadense"
"648","EE126","Impatiens"
"649","EE126","Quercus rubra"
"650","EE128","Acer saccharum"
"651","EE128","Ambrosia trifida"
"652","EE128","Carya cordiformis"
"653","EE128","Celtis occidentalis"
"654","EE128","Floerkea proserpinacoides"
"655","EE128","Geum canadense"
"656","EE128","Glechoma hederacea"
"657","EE128","Phalaris arundinacea"
"658","EE128","Rhamnus cathartica"
"659","EE128","Rubus occidentalis"
"660","EE128","Symphyotrichum drummondii"
"661","EE132","Ambrosia trifida"
"662","EE132","Anemone canadensis"
"663","EE132","Calystegia sepium"
"664","EE132","Carex"
"665","EE132","Phalaris arundinacea"
"666","EE132","Prunus americana"
"667","EE132","Securigera varia"
"668","EE134","Acer saccharum"
"669","EE134","Ulmus pumila"
"670","EE140",""
"671","EE140","Acer saccharum"
"672","EE140","Robinia pseudoacacia"
"673","F107",""
"674","F107","Acer platanoides"
"675","F107","Erythronium albidum"
"676","F107","Quercus ellipsoidalis"
"677","F107","Solidago canadensis"
"678","F108",""
"679","F108","Carex hirtifolia"
"680","F108","Erythronium albidum"
"681","F108","Floerkea proserpinacoides"
"682","F108","Quercus macrocarpa"
"683","F108","Sanicula gregaria"
"684","F113","Acer platanoides"
"685","F113","Carya cordiformis"
"686","F113","Erythronium albidum"
"687","F113","Galium triflorum"
"688","F113","Geum canadense"
"689","F113","Lonicera tatarica"
"690","F113","Quercus rubra"
"691","F113","Rubus"
"692","F113","Symphyotrichum lateriflorum"
"693","F113","Taraxacum campylodes"
"694","F113","Ulmus rubra"
"695","F114","Celastrus orbiculatus"
"696","F114","Erythronium albidum"
"697","F114","Juglans nigra"
"698","F114","Lonicera tatarica"
"699","F114","Quercus macrocarpa"
"700","F114","Rubus"
"701","F114","Symphyotrichum drummondii"
"702","F114","Taraxacum campylodes"
"703","F114","Ulmus americana"
"704","F118","Agrimonia pubescens"
"705","F118","Claytonia virginica"
"706","F118","Erythronium albidum"
"707","F118","Floerkea proserpinacoides"
"708","F118","Fraxinus"
"709","F118","Impatiens"
"710","F118","Sanicula gregaria"
"711","F118","Symphyotrichum lateriflorum"
"712","F122","Carex"
"713","F122","Claytonia virginica"
"714","F122","Erythronium albidum"
"715","F122","Floerkea proserpinacoides"
"716","F122","Galium aparine"
"717","F122","Impatiens"
"718","F122","Juglans nigra"
"719","F122","Lonicera maackii"
"720","F122","Ranunculus hispidus"
"721","F122","Symphyotrichum shortii"
"722","F122","Tilia americana"
"723","F129",""
"724","F129","Acer saccharum"
"725","F129","Cardamine concatenata"
"726","F129","Erythronium albidum"
"727","F129","Galium triflorum"
"728","F129","Symphyotrichum shortii"
"729","F134","Acer saccharum"
"730","F134","Alliaria petiolata"
"731","F134","Fraxinus americana"
"732","F134","Impatiens capensis"
"733","F134","Polygonum"
"734","F134","Viburnum opulus"
"735","FF112","Acer saccharum"
"736","FF112","Alliaria petiolata"
"737","FF112","Fraxinus"
"738","FF112","Geum canadense"
"739","FF112","Hackelia virginiana"
"740","FF112","Maianthemum racemosum"
"741","FF112","Prunus serotina"
"742","FF117",""
"743","FF117","Agrimonia gryposepala"
"744","FF117","Anemonella thalictroides"
"745","FF117","Claytonia virginica"
"746","FF117","Floerkea proserpinacoides"
"747","FF117","Fraxinus"
"748","FF117","Geranium maculatum"
"749","FF117","Impatiens"
"750","FF117","Potentilla simplex"
"751","FF117","Quercus"
"752","FF117","Symphyotrichum lateriflorum"
"753","FF117","Symphyotrichum shortii"
"754","FF123",""
"755","FF123","Acer saccharum"
"756","FF123","Claytonia virginica"
"757","FF123","Floerkea proserpinacoides"
"758","FF123","Fraxinus"
"759","FF123","Impatiens"
"760","FF138",""
"761","FF138","Alliaria petiolata"
"762","FF138","Arisaema triphyllum"
"763","FF138","Rhamnus cathartica"
"764","FF146",""
"765","FF91",""
"766","FF91","Acer saccharum"
"767","FF91","Arisaema triphyllum"
"768","FF91","Liriodendron tulipifera"
"769","FF91","Lonicera maackii"
"770","FF91","Maianthemum racemosum"
"771","FF91","Prunus serotina"
"772","FF91","Quercus rubra"
"773","FF91","Tilia americana"
"774","FF91","Ulmus"
"775","FF91","Viburnum opulus"
"776","FF94","Calystegia sepium"
"777","FF94","Claytonia virginica"
"778","FF94","Equisetum arvense"
"779","FF94","Erigeron annuus"
"780","FF94","Fraxinus"
"781","FF94","Glechoma hederacea"
"782","FF94","Quercus rubra"
"783","FF94","Rubus occidentalis"
"784","FF94","Rudbeckia hirta"
"785","FF94","Solidago canadensis"
"786","FF94","Symphyotrichum drummondii"
"787","FF94","Tilia americana"
"788","FF94","Viola"
"789","I109","Acer"
"790","I109","Acer saccharum"
"791","I109","Allium"
"792","I109","Allium tricoccum var. burdickii"
"793","I109","Cardamine concatenata"
"794","I109","Claytonia virginica"
"795","I109","Erythronium albidum"
"796","I109","Geum canadense"
"797","I109","Quercus alba"
"798","I109","Quercus rubra"
"799","I109","Rhamnus cathartica"
"800","I109","Sanicula"
"801","I109","Symphyotrichum"
"802","I109","Toxicodendron radicans"
"803","I109","Ulmus americana"
"804","I109","Viburnum prunifolium"
"805","G109",""
"806","G109","Allium canadense"
"807","G109","Anemone quinquefolia"
"808","G109","Caulophyllum thalictroides"
"809","G109","Claytonia virginica"
"810","G109","Erythronium albidum"
"811","G109","Geranium maculatum"
"812","G109","Osmorhiza"
"813","G109","Ostrya virginiana"
"814","G109","Prunus serotina"
"815","G109","Quercus ellipsoidalis"
"816","G109","Quercus macrocarpa"
"817","F112","Carex"
"818","F112","Potentilla simplex"
"819","F112","Ribes missouriense"
"820","F112","Rubus"
"821","F112","Solidago canadensis"
"822","F112","Solidago flexicaulis"
"823","F112","Symphyotrichum"
"824","F112","Symphyotrichum drummondii"
"825","F112","Taraxacum campylodes"
"826","F112","Tilia americana"
"827","F112","Ulmus rubra"
"828","F119",""
"829","F119","Carex"
"830","F119","Claytonia virginica"
"831","F119","Erythronium albidum"
"832","F119","Floerkea proserpinacoides"
"833","F119","Geum canadense"
"834","F119","Ulmus americana"
"835","G126",""
"836","G126","Acer saccharum"
"837","G126","Agrimonia pubescens"
"838","G126","Anemone hepatica var. acuta"
"839","G126","Cardamine concatenata"
"840","G126","Carex"
"841","G126","Claytonia virginica"
"842","G126","Erythronium albidum"
"843","G126","Potentilla simplex"
"844","G126","Prunus virginiana"
"845","G126","Viola sororia"
"846","G132","Acer saccharum"
"847","G132","Alliaria petiolata"
"848","G132","Erythronium albidum"
"849","G132","Fraxinus"
"850","G132","Tilia americana"
"851","G132","Trillium recurvatum"
"852","G137",""
"853","G137","Acer saccharum"
"854","G137","Carex"
"855","G137","Cercis canadensis"
"856","G137","Hackelia virginiana"
"857","G137","Maianthemum racemosum"
"858","G137","Oxalis stricta"
"859","G137","Quercus rubra"
"860","G137","Securigera varia"
"861","G137","Solidago canadensis"
"862","G137","Symphyotrichum"
"863","G137","Symphyotrichum drummondii"
"864","G137","Taraxacum campylodes"
"865","G137","Trifolium pratense"
"866","G137","Ulmus rubra"
"867","HH112","Alliaria petiolata"
"868","HH112","Carex"
"869","HH112","Fraxinus"
"870","HH112","Geum canadense"
"871","HH112","Hackelia virginiana"
"872","HH112","Polygonum virginianum"
"873","HH112","Quercus alba"
"874","HH112","Symphyotrichum drummondii"
"875","HH112","Taraxacum campylodes"
"876","HH112","Tilia americana"
"877","GG121","Acer saccharum"
"878","GG121","Cardamine concatenata"
"879","GG121","Circaea lutetiana"
"880","GG121","Claytonia virginica"
"881","GG121","Floerkea proserpinacoides"
"882","GG121","Galium aparine"
"883","GG121","Ostrya virginiana"
"884","GG122",""
"885","GG122","Cardamine concatenata"
"886","GG122","Claytonia virginica"
"887","GG122","Floerkea proserpinacoides"
"888","GG122","Fraxinus"
"889","GG122","Ulmus americana"
"890","GG127",""
"891","GG127","Ageratina altissima"
"892","GG127","Alliaria petiolata"
"893","GG127","Ambrosia trifida"
"894","GG127","Impatiens"
"895","GG127","Toxicodendron radicans"
"896","GG135",""
"897","GG135","Acer saccharum"
"898","GG135","Crataegus"
"899","GG135","Impatiens capensis"
"900","GG140",""
"901","GG140","Acer saccharum"
"902","GG140","Alliaria petiolata"
"903","GG140","Erythronium albidum"
"904","GG140","Floerkea proserpinacoides"
"905","GG140","Impatiens capensis"
"906","GG140","Polygonatum biflorum"
"907","GG140","Trillium recurvatum"
"908","GG146","Alliaria petiolata"
"909","GG146","Fraxinus"
"910","GG146","Lonicera"
"911","GG92",""
"912","GG92","Acer saccharum"
"913","GG92","Ageratina altissima"
"914","GG92","Alliaria petiolata"
"915","GG92","Cerastium"
"916","GG92","Claytonia virginica"
"917","GG92","Impatiens"
"918","GG92","Juglans nigra"
"919","GG92","Maianthemum racemosum"
"920","GG92","Parthenocissus quinquefolia"
"921","GG92","Polygonum virginianum"
"922","GG92","Quercus alba"
"923","GG92","Quercus rubra"
"924","GG92","Sanicula"
"925","GG92","Symphyotrichum lateriflorum"
"926","GG92","Viola"
"927","GG94",""
"928","GG94","Acer saccharum"
"929","GG94","Ageratina altissima"
"930","GG94","Alliaria petiolata"
"931","GG94","Anemone quinquefolia"
"932","GG94","Anemonella thalictroides"
"933","GG94","Arisaema triphyllum"
"934","GG94","Cerastium"
"935","GG94","Galium aparine"
"936","GG94","Hackelia virginiana"
"937","GG94","Hystrix patula"
"938","GG94","Maianthemum racemosum"
"939","GG94","Osmorhiza"
"940","GG94","Ostrya virginiana"
"941","GG94","Prunus serotina"
"942","GG94","Quercus alba"
"943","GG94","Sanicula"
"944","GG94","Solidago"
"945","GG94","Tilia americana"
"946","H115",""
"947","H115","Allium tricoccum var. burdickii"
"948","H115","Carex"
"949","H115","Erythronium albidum"
"950","H115","Fraxinus"
"951","H115","Helianthus species"
"952","H115","Ostrya virginiana"
"953","H115","Sanicula gregaria"
"954","H115","Symphyotrichum drummondii"
"955","H115","Tilia americana"
"956","HA124",""
"957","HA124","Acer saccharum"
"958","HA124","Juglans nigra"
"959","HA124","Quercus macrocarpa"
"960","HA127",""
"961","HA127","Acer saccharum"
"962","HA127","Parthenocissus quinquefolia"
"963","HA127","Pilea pumila"
"964","HA127","Prunus serotina"
"965","HA127","Ulmus rubra"
"966","HA132","Agrimonia"
"967","HA132","Alliaria petiolata"
"968","HA132","Arisaema triphyllum"
"969","HA132","Carex"
"970","HA132","Glyceria striata"
"971","HA132","Hackelia virginiana"
"972","HA132","Prunus serotina"
"973","HA132","Prunus virginiana"
"974","HA132","Ulmus americana"
"975","HA132","Viola sororia"
"976","HA147","Arisaema triphyllum"
"977","HA147","Circaea lutetiana subsp. canadensis"
"978","HA147","Erythronium albidum"
"979","HA147","Impatiens capensis"
"980","HA147","Maianthemum racemosum"
"981","HA147","Parthenocissus quinquefolia"
"982","HA147","Polygonatum biflorum"
"983","HB125",""
"984","HB125","Acer saccharum"
"985","HB125","Fraxinus"
"986","HB126",""
"987","HB126","Acer saccharum"
"988","HB126","Alliaria petiolata"
"989","HB126","Carex"
"990","HB126","Fraxinus"
"991","HB126","Lonicera maackii"
"992","HB126","Prunus serotina"
"993","HB129","Alliaria petiolata"
"994","HB129","Allium"
"995","HB129","Arisaema triphyllum"
"996","HB129","Circaea lutetiana"
"997","HB129","Fraxinus"
"998","HB129","Geum canadense"
"999","HB129","Juglans nigra"
"1000","HB131",""
"1001","HB131","Cornus"
"1002","HB131","Erythronium albidum"
"1003","HB131","Lonicera maackii"
"1004","HB136","Erythronium albidum"
"1005","HB136","Lonicera maackii"
"1006","HB136","Viburnum opulus"
"1007","HB138",""
"1008","HB141","Arisaema triphyllum"
"1009","HB141","Erythronium albidum"
"1010","HB141","Fraxinus pennsylvanica"
"1011","HB141","Lonicera maackii"
"1012","HB143",""
"1013","HB143","Erythronium albidum"
"1014","HB143","Lonicera maackii"
"1015","HB143","Ostrya virginiana"
"1016","HB143","Parthenocissus quinquefolia"
"1017","HB143","Prunus virginiana"
"1018","HB146","Arisaema triphyllum"
"1019","HB146","Circaea lutetiana subsp. canadensis"
"1020","HC126","Acer saccharum"
"1021","HC126","Fraxinus"
"1022","HC126","Rhamnus cathartica"
"1023","HC130",""
"1024","HC130","Ulmus americana"
"1025","HC135","Alliaria petiolata"
"1026","HC135","Arisaema triphyllum"
"1027","HC135","Erythronium albidum"
"1028","HC135","Lonicera maackii"
"1029","HC135","Maianthemum racemosum"
"1030","HC142","Lonicera maackii"
"1031","HC144","Erythronium albidum"
"1032","HC144","Lonicera maackii"
"1033","HC144","Vitis"
"1034","HD134",""
"1035","HD134","Acer saccharum"
"1036","HD134","Alliaria petiolata"
"1037","HD134","Arisaema triphyllum"
"1038","HD134","Erythronium albidum"
"1039","HD134","Lonicera maackii"
"1040","HD135","Agrimonia pubescens"
"1041","HD135","Alliaria petiolata"
"1042","HD135","Circaea lutetiana"
"1043","HD135","Erythronium albidum"
"1044","HD135","Fraxinus pennsylvanica"
"1045","HD135","Geum canadense"
"1046","HD142",""
"1047","HD142","Acer saccharum"
"1048","HD142","Erythronium albidum"
"1049","HD142","Lonicera maackii"
"1050","HD142","Quercus ellipsoidalis"
"1051","HD142","Rosa multiflora"
"1052","HD143","Arisaema triphyllum"
"1053","HD143","Erythronium albidum"
"1054","HD143","Lonicera maackii"
"1055","HD146",""
"1056","HE136","Arisaema dracontium"
"1057","HE136","Arisaema triphyllum"
"1058","HE136","Cornus"
"1059","HE136","Lonicera maackii"
"1060","HE136","Ribes"
"1061","HH103","Alliaria petiolata"
"1062","HH103","Carex"
"1063","HH103","Elymus elymoides"
"1064","HH103","Fraxinus americana"
"1065","HH103","Galium circaezans"
"1066","HH103","Quercus alba"
"1067","HH103","Quercus macrocarpa"
"1068","HH103","Rubus occidentalis"
"1069","HH103","Smilax tamnoides"
"1070","HH103","Solidago canadensis"
"1071","HH103","Solidago ulmifolia"
"1072","HH103","Symphyotrichum drummondii"
"1073","HH103","Taraxacum campylodes"
"1074","HH103","Ulmus americana"
"1075","HH110",""
"1076","HH110","Ageratina altissima"
"1077","HH110","Alliaria petiolata"
"1078","HH110","Geum canadense"
"1079","HH110","Hackelia virginiana"
"1080","HH110","Parthenocissus quinquefolia"
"1081","HH110","Potentilla simplex"
"1082","HH110","Prunus serotina"
"1083","HH110","Quercus alba"
"1084","HH110","Quercus rubra"
"1085","HH110","Solidago canadensis"
"1086","HH110","Symphyotrichum lateriflorum"
"1087","HH110","Tilia americana"
"1088","HH110","Trillium recurvatum"
"1089","HH110","Ulmus americana"
"1090","HH110","Viola sororia"
"1091","HH115",""
"1092","HH116","Alliaria petiolata"
"1093","HH116","Claytonia virginica"
"1094","HH116","Impatiens capensis"
"1095","HH116","Parthenocissus"
"1096","HH116","Rubus allegheniensis"
"1097","HH116","Trillium recurvatum"
"1098","HH126",""
"1099","HH126","Ambrosia trifida"
"1100","HH126","Carex"
"1101","HH126","Daucus carota"
"1102","HH126","Dipsacus laciniatus"
"1103","HH126","Fallopia scandens"
"1104","HH126","Impatiens"
"1105","HH126","Symphyotrichum lateriflorum"
"1106","HH130",""
"1107","HH130","Calluna vulgaris"
"1108","HH130","Calystegia sepium"
"1109","HH130","Carex blanda"
"1110","HH130","Celastrus orbiculatus"
"1111","HH130","Cornus racemosa"
"1112","HH130","Festuca arundinacea"
"1113","HH130","Malus sieboldii"
"1114","HH130","Phaca"
"1115","HH130","Prunella vulgaris"
"1116","HH130","Solidago canadensis"
"1117","HH130","Symphyotrichum drummondii"
"1118","HH130","Symphyotrichum lateriflorum"
"1119","HH130","Taraxacum campylodes"
"1120","HH130","Viburnum dentatum"
"1121","HH130","Viburnum lentago"
"1122","HH147","Cirsium"
"1123","HH147","Fraxinus"
"1124","HH85",""
"1125","HH85","Acer saccharum"
"1126","HH85","Arisaema triphyllum"
"1127","HH85","Celtis occidentalis"
"1128","HH85","Circaea lutetiana"
"1129","HH85","Cryptotaenia canadensis"
"1130","HH85","Galium aparine"
"1131","HH85","Impatiens"
"1132","HH85","Maianthemum racemosum"
"1133","HH85","Pinus"
"1134","HH85","Polygonum virginianum"
"1135","HH85","Rosa multiflora"
"1136","HH85","Rubus allegheniensis"
"1137","HH87","Acer saccharum"
"1138","HH87","Cladrastis kentukea"
"1139","HH87","Galium aparine"
"1140","HH87","Impatiens"
"1141","HH87","Lonicera maackii"
"1142","HH87","Osmorhiza"
"1143","HH87","Phlox divaricata"
"1144","HH87","Quercus alba"
"1145","HH87","Ranunculus abortivus"
"1146","HH87","Symphyotrichum drummondii"
"1147","HH87","Tilia americana"
"1148","HH87","Toxicodendron radicans"
"1149","HH87","Viola"
"1150","HH90",""
"1151","HH90","Acer saccharum"
"1152","HH90","Alliaria petiolata"
"1153","HH90","Anemone quinquefolia"
"1154","HH90","Claytonia virginica"
"1155","HH90","Cryptotaenia canadensis"
"1156","HH90","Erythronium albidum"
"1157","HH90","Geum canadense"
"1158","HH90","Impatiens"
"1159","HH90","Osmorhiza"
"1160","HH90","Polygonum virginianum"
"1161","HH90","Prunus serotina"
"1162","HH90","Quercus alba"
"1163","HH90","Quercus rubra"
"1164","HH90","Sanicula"
"1165","HH93",""
"1166","HH93","Acer saccharum"
"1167","HH93","Alliaria petiolata"
"1168","HH93","Claytonia virginica"
"1169","HH93","Composite species"
"1170","HH93","Erythronium albidum"
"1171","HH93","Fraxinus pennsylvanica"
"1172","HH93","Galium triflorum"
"1173","HH93","Hydrophyllum virginianum"
"1174","HH93","Ostrya virginiana"
"1175","HH93","Potentilla simplex"
"1176","HH93","Quercus alba"
"1177","HH93","Sanicula"
"1178","HH93","Symphyotrichum lateriflorum"
"1179","HH93","Tilia americana"
"1180","HH93","Viola"
"1181","HH96","Alliaria petiolata"
"1182","HH96","Calystegia sepium"
"1183","HH96","Circaea lutetiana"
"1184","HH96","Erythronium albidum"
"1185","HH96","Galium aparine"
"1186","HH96","Geum canadense"
"1187","HH96","Quercus rubra"
"1188","HH96","Ranunculus abortivus"
"1189","HH96","Sanicula"
"1190","HH96","Symphyotrichum lateriflorum"
"1191","HH96","Viburnum opulus"
"1192","I107",""
"1193","I107","Acer saccharum"
"1194","I107","Allium cernuum"
"1195","I107","Cardamine concatenata"
"1196","I107","Celtis occidentalis"
"1197","I107","Erythronium albidum"
"1198","I107","Polygonatum biflorum"
"1199","I107","Trillium recurvatum"
"1200","I116","Acer saccharum"
"1201","I116","Anemone quinquefolia"
"1202","I116","Cardamine concatenata"
"1203","I116","Carya cordiformis"
"1204","I116","Claytonia virginica"
"1205","I116","Erythronium albidum"
"1206","I116","Symphyotrichum lateriflorum"
"1207","I116","Symphyotrichum shortii"
"1208","I116","Tilia americana"
"1209","I117",""
"1210","I117","Allium canadense"
"1211","I117","Erythronium albidum"
"1212","I117","Floerkea proserpinacoides"
"1213","I117","Fraxinus"
"1214","I117","Galium aparine"
"1215","I117","Impatiens"
"1216","I117","Sanicula gregaria"
"1217","I124",""
"1218","I124","Acer saccharum"
"1219","I124","Claytonia virginica"
"1220","I124","Erythronium albidum"
"1221","I124","Osmorhiza"
"1222","I124","Symphyotrichum shortii"
"1223","I133","Acer saccharum"
"1224","I133","Circaea lutetiana"
"1225","I133","Erythronium albidum"
"1226","I133","Impatiens capensis"
"1227","I133","Ulmus"
"1228","I138",""
"1229","II105",""
"1230","II105","Alliaria petiolata"
"1231","II105","Carex hirtifolia"
"1232","II105","Galium triflorum"
"1233","II105","Maianthemum racemosum"
"1234","II105","Polygonum virginianum"
"1235","II105","Rubus occidentalis"
"1236","II105","Symphyotrichum ericoides"
"1237","II105","Tilia americana"
"1238","HH106",""
"1239","HH106","Anemone quinquefolia"
"1240","HH106","Camassia scilloides"
"1241","HH106","Carex pensylvanica"
"1242","HH106","Fragaria virginiana"
"1243","HH106","Galium triflorum"
"1244","HH106","Geum canadense"
"1245","HH106","Potentilla simplex"
"1246","HH106","Symphyotrichum drummondii"
"1247","II122",""
"1248","II122","Acer saccharum"
"1249","II122","Allium canadense"
"1250","II122","Celtis occidentalis"
"1251","II122","Circaea lutetiana"
"1252","II122","Claytonia virginica"
"1253","II122","Floerkea proserpinacoides"
"1254","II122","Fraxinus"
"1255","II122","Fraxinus pennsylvanica"
"1256","II122","Geum canadense"
"1257","II122","Osmorhiza aristata var. aristata"
"1258","II122","Prunus serotina"
"1259","II122","Quercus alba"
"1260","II122","Tilia americana"
"1261","II122","Ulmus americana"
"1262","II130","Acer saccharum"
"1263","II130","Celtis occidentalis"
"1264","II130","Malus sieboldii"
"1265","II130","Ulmus americana"
"1266","II131","Maianthemum racemosum"
"1267","II131","Malus sieboldii"
"1268","II136","Acer saccharum"
"1269","II136","Erythronium albidum"
"1270","II142",""
"1271","II142","Acer saccharum"
"1272","II142","Camassia"
"1273","II142","Camassia scilloides"
"1274","II142","Carya cordiformis"
"1275","II142","Erythronium albidum"
"1276","II142","Floerkea proserpinacoides"
"1277","II142","Impatiens capensis"
"1278","II142","Maianthemum racemosum"
"1279","II142","Ranunculus hispidus"
"1280","II142","Ulmus americana"
"1281","II142","Ulmus rubra"
"1282","II87",""
"1283","II87","Acer saccharum"
"1284","II87","Ageratina altissima"
"1285","II87","Circaea lutetiana"
"1286","II87","Claytonia virginica"
"1287","II87","Impatiens"
"1288","II87","Osmorhiza"
"1289","II90","Acer saccharum"
"1290","II90","Alliaria petiolata"
"1291","II90","Claytonia virginica"
"1292","II90","Erythronium albidum"
"1293","II90","Euonymus"
"1294","II90","Galium aparine"
"1295","II90","Impatiens"
"1296","II90","Maianthemum racemosum"
"1297","II90","Osmorhiza"
"1298","II90","Prunus serotina"
"1299","II90","Quercus rubra"
"1300","II90","Sanicula"
"1301","J110","Acer saccharum"
"1302","J110","Allium tricoccum var. burdickii"
"1303","J110","Cardamine concatenata"
"1304","J110","Claytonia virginica"
"1305","J110","Erythronium albidum"
"1306","J110","Toxicodendron radicans"
"1307","J121",""
"1308","J121","Agrimonia pubescens"
"1309","J121","Allium canadense"
"1310","J121","Carex"
"1311","J121","Erythronium albidum"
"1312","J121","Floerkea proserpinacoides"
"1313","J121","Galium aparine"
"1314","J121","Impatiens"
"1315","J121","Quercus rubra"
"1316","J133","Acer saccharum"
"1317","J133","Alliaria petiolata"
"1318","J133","Erythronium albidum"
"1319","J133","Fraxinus"
"1320","J133","Impatiens capensis"
"1321","J133","Toxicodendron radicans"
"1322","J133","Uvularia grandiflora"
"1323","JJ102",""
"1324","JJ102","Acer saccharum"
"1325","JJ102","Alliaria petiolata"
"1326","JJ102","Carex"
"1327","JJ102","Cercis canadensis"
"1328","JJ102","Fragaria virginiana"
"1329","JJ102","Fraxinus"
"1330","JJ102","Galium circaezans"
"1331","JJ102","Geum canadense"
"1332","JJ102","Nabalus albus"
"1333","JJ102","Phalaris arundinacea"
"1334","JJ102","Polygonum virginianum"
"1335","JJ102","Quercus alba"
"1336","JJ102","Quercus rubra"
"1337","JJ102","Rubus occidentalis"
"1338","JJ102","Solidago canadensis"
"1339","JJ102","Symphyotrichum drummondii"
"1340","JJ102","Taraxacum campylodes"
"1341","JJ102","Tilia americana"
"1342","JJ102","Viola"
"1343","JJ111","Alliaria petiolata"
"1344","JJ111","Galium triflorum"
"1345","JJ111","Geranium maculatum"
"1346","JJ111","Geum canadense"
"1347","JJ111","Hackelia virginiana"
"1348","JJ111","Prunus serotina"
"1349","JJ111","Quercus alba"
"1350","JJ111","Quercus rubra"
"1351","JJ111","Tilia americana"
"1352","JJ111","Trillium recurvatum"
"1353","JJ111","Viola"
"1354","JJ114","Acer saccharum"
"1355","JJ114","Arisaema triphyllum"
"1356","JJ114","Carya cordiformis"
"1357","JJ114","Circaea lutetiana"
"1358","JJ114","Hackelia virginiana"
"1359","JJ114","Maianthemum racemosum"
"1360","JJ114","Quercus alba"
"1361","JJ114","Tilia americana"
"1362","JJ115",""
"1363","JJ115","Acer saccharum"
"1364","JJ115","Alliaria petiolata"
"1365","JJ115","Allium canadense"
"1366","JJ115","Cardamine concatenata"
"1367","JJ115","Floerkea proserpinacoides"
"1368","JJ115","Fraxinus"
"1369","JJ115","Fraxinus americana"
"1370","JJ115","Geranium maculatum"
"1371","JJ115","Geum canadense"
"1372","JJ115","Prunus serotina"
"1373","JJ115","Quercus alba"
"1374","JJ115","Tilia americana"
"1375","JJ115","Ulmus americana"
"1376","JJ121",""
"1377","JJ121","Claytonia virginica"
"1378","JJ121","Floerkea proserpinacoides"
"1379","JJ121","Geum canadense"
"1380","JJ121","Impatiens"
"1381","JJ121","Osmorhiza aristata var. aristata"
"1382","JJ121","Trillium recurvatum"
"1383","JJ129","Acer negundo"
"1384","JJ129","Acer saccharum"
"1385","JJ129","Impatiens"
"1386","JJ129","Lonicera maackii"
"1387","JJ129","Ranunculus hispidus"
"1388","JJ129","Symphyotrichum lateriflorum"
"1389","JJ129","Taraxacum campylodes"
"1390","JJ129","Toxicodendron radicans"
"1391","JJ140",""
"1392","JJ140","Cardamine concatenata"
"1393","JJ140","Erythronium albidum"
"1394","JJ140","Floerkea proserpinacoides"
"1395","JJ140","Impatiens capensis"
"1396","JJ87",""
"1397","JJ87","Acer saccharum"
"1398","JJ87","Ageratina altissima"
"1399","JJ87","Alliaria petiolata"
"1400","JJ87","Circaea lutetiana"
"1401","JJ87","Claytonia virginica"
"1402","JJ87","Erythronium albidum"
"1403","JJ87","Impatiens"
"1404","JJ87","Osmorhiza"
"1405","JJ87","Sanicula"
"1406","JJ87","Trillium recurvatum"
"1407","JJ93",""
"1408","JJ93","Acer saccharum"
"1409","JJ93","Circaea lutetiana"
"1410","JJ93","Claytonia virginica"
"1411","JJ93","Erythronium albidum"
"1412","JJ93","Geum canadense"
"1413","JJ93","Hackelia virginiana"
"1414","JJ93","Impatiens"
"1415","JJ93","Polygonatum biflorum"
"1416","JJ93","Sanicula"
"1417","JJ93","Trillium recurvatum"
"1418","JJ93","Ulmus rubra"
"1419","K107",""
"1420","K107","Acer saccharum"
"1421","K107","Anemone quinquefolia"
"1422","K107","Anemonella thalictroides"
"1423","K107","Cardamine concatenata"
"1424","K107","Claytonia virginica"
"1425","K107","Erythronium albidum"
"1426","K107","Hydrophyllum virginianum"
"1427","K115",""
"1428","K115","Acer saccharum"
"1429","K115","Allium canadense"
"1430","K115","Anemone quinquefolia"
"1431","K115","Cardamine concatenata"
"1432","K115","Claytonia virginica"
"1433","K115","Erythronium albidum"
"1434","K115","Ostrya virginiana"
"1435","K115","Toxicodendron radicans"
"1436","K116",""
"1437","K116","Acer saccharum"
"1438","K116","Cardamine concatenata"
"1439","K116","Elymus elymoides"
"1440","K116","Elymus virginicus"
"1441","K116","Erythronium albidum"
"1442","K130","Acer saccharum"
"1443","K130","Cardamine concatenata"
"1444","K130","Carex"
"1445","K130","Carya cordiformis"
"1446","K130","Gymnocladus dioica"
"1447","K130","Impatiens capensis"
"1448","K137",""
"1449","K137","Acer saccharum"
"1450","K137","Cirsium"
"1451","K137","Hackelia virginiana"
"1452","KK101",""
"1453","KK101","Alliaria petiolata"
"1454","KK101","Circaea lutetiana"
"1455","KK101","Fraxinus"
"1456","KK101","Prunus serotina"
"1457","KK101","Quercus alba"
"1458","KK101","Quercus rubra"
"1459","KK101","Tilia americana"
"1460","KK101","Toxicodendron radicans"
"1461","KK101","Ulmus rubra"
"1462","LL103",""
"1463","LL103","Alliaria petiolata"
"1464","LL103","Bidens species"
"1465","LL103","Galium triflorum"
"1466","LL103","Hackelia virginiana"
"1467","LL103","Maianthemum racemosum"
"1468","LL103","Polygonum virginianum"
"1469","LL103","Quercus rubra"
"1470","LL103","Rubus"
"1471","LL103","Symphyotrichum"
"1472","LL103","Tilia americana"
"1473","JJ105",""
"1474","JJ105","Allium tricoccum var. burdickii"
"1475","JJ105","Dactylis glomerata"
"1476","JJ105","Ostrya virginiana"
"1477","JJ105","Poa"
"1478","JJ105","Polygonum virginianum"
"1479","JJ105","Solidago ulmifolia"
"1480","KK109",""
"1481","KK109","Acer saccharum"
"1482","KK109","Arisaema triphyllum"
"1483","KK109","Carex"
"1484","KK109","Carex hirtifolia"
"1485","KK109","Fragaria virginiana"
"1486","KK109","Galium triflorum"
"1487","KK109","Potentilla simplex"
"1488","KK109","Prunus serotina"
"1489","KK109","Quercus macrocarpa"
"1490","KK109","Symphyotrichum lateriflorum"
"1491","KK109","Tilia americana"
"1492","KK109","Toxicodendron radicans"
"1493","KK109","Ulmus americana"
"1494","KK119",""
"1495","KK119","Acer saccharum"
"1496","KK119","Alliaria petiolata"
"1497","KK119","Carex"
"1498","KK119","Fraxinus"
"1499","KK119","Geum canadense"
"1500","KK119","Impatiens"
"1501","KK119","Osmorhiza aristata var. aristata"
"1502","KK119","Sanguinaria canadensis"
"1503","KK119","Trillium recurvatum"
"1504","KK119","Ulmus rubra"
"1505","KK121",""
"1506","KK121","Alliaria petiolata"
"1507","KK121","Ambrosia trifida"
"1508","KK121","Celtis occidentalis"
"1509","KK121","Fallopia scandens"
"1510","KK121","Floerkea proserpinacoides"
"1511","KK121","Hackelia virginiana"
"1512","KK121","Phytolacca americana"
"1513","KK121","Solanum dulcamara"
"1514","KK122","Ambrosia trifida"
"1515","KK122","Carex"
"1516","KK122","Impatiens"
"1517","KK122","Lysimachia ciliata"
"1518","KK122","Malus sieboldii"
"1519","KK122","Phalaris arundinacea"
"1520","KK122","Ranunculus hispidus"
"1521","KK145",""
"1522","KK145","Acer saccharum"
"1523","KK145","Erythronium albidum"
"1524","KK145","Geranium maculatum"
"1525","KK145","Impatiens capensis"
"1526","KK145","Thalictrum dioicum"
"1527","KK145","Trillium recurvatum"
"1528","K109","Acer saccharum"
"1529","K109","Euonymus europaeus"
"1530","K109","Ulmus americana"
"1531","L111","Acer saccharum"
"1532","L111","Cardamine concatenata"
"1533","L111","Claytonia virginica"
"1534","L111","Fraxinus"
"1535","L111","Lonicera maackii"
"1536","L120","Acer saccharum"
"1537","L120","Cardamine concatenata"
"1538","L120","Carya cordiformis"
"1539","L120","Claytonia virginica"
"1540","L121",""
"1541","L121","Acer saccharum"
"1542","L121","Cardamine concatenata"
"1543","L121","Erythronium albidum"
"1544","L121","Podophyllum peltatum"
"1545","L126",""
"1546","LL104","Arisaema triphyllum"
"1547","LL104","Carya cordiformis"
"1548","LL104","Convolvulus"
"1549","LL104","Galium triflorum"
"1550","LL104","Geum canadense"
"1551","LL104","Oxalis stricta"
"1552","LL104","Quercus alba"
"1553","LL104","Symphyotrichum lateriflorum"
"1554","LL104","Tilia americana"
"1555","LL104","Viola sororia"
"1556","LL114",""
"1557","LL114","Ageratina altissima"
"1558","LL114","Alliaria petiolata"
"1559","LL114","Cardamine concatenata"
"1560","LL114","Carex"
"1561","LL114","Fraxinus"
"1562","LL114","Geum canadense"
"1563","LL114","Hackelia virginiana"
"1564","LL114","Maianthemum racemosum"
"1565","LL114","Osmorhiza aristata var. aristata"
"1566","LL114","Oxalis stricta"
"1567","LL114","Prunus serotina"
"1568","LL114","Quercus alba"
"1569","LL114","Rubus"
"1570","LL114","Symphyotrichum"
"1571","LL114","Symphyotrichum drummondii"
"1572","LL114","Tilia americana"
"1573","LL114","Viola"
"1574","KK116",""
"1575","KK116","Acer saccharum"
"1576","KK116","Alliaria petiolata"
"1577","KK116","Cardamine concatenata"
"1578","KK116","Circaea lutetiana"
"1579","KK116","Fraxinus"
"1580","KK116","Geum canadense"
"1581","KK116","Impatiens"
"1582","KK116","Polygonum virginianum"
"1583","KK116","Prunus serotina"
"1584","KK116","Quercus alba"
"1585","KK116","Tilia americana"
"1586","LL119","Acer saccharum"
"1587","LL119","Claytonia virginica"
"1588","LL119","Euonymus alatus"
"1589","LL119","Impatiens"
"1590","LL119","Sambucus canadensis"
"1591","LL122",""
"1592","LL123",""
"1593","LL128",""
"1594","LL128","Lonicera maackii"
"1595","LL128","Quercus rubra"
"1596","LL128","Rhamnus cathartica"
"1597","LL128","Ulmus americana"
"1598","LL133",""
"1599","LL133","Acer saccharum"
"1600","LL133","Alliaria petiolata"
"1601","LL133","Celtis occidentalis"
"1602","LL133","Erythronium albidum"
"1603","LL133","Fraxinus pennsylvanica"
"1604","LL133","Lonicera maackii"
"1605","LL133","Prunus serotina"
"1606","LL133","Rhamnus cathartica"
"1607","LL133","Ulmus americana"
"1608","LL141","Acer saccharum"
"1609","LL141","Alliaria petiolata"
"1610","LL141","Cardamine concatenata"
"1611","LL141","Carya cordiformis"
"1612","LL141","Fraxinus"
"1613","LL141","Gleditsia triacanthos"
"1614","LL141","Lonicera maackii"
"1615","LL141","Ranunculus hispidus"
"1616","LL141","Ranunculus septentrionalis"
"1617","LL141","Ulmus americana"
"1618","LL141","Ulmus rubra"
"1619","LL141","Viburnum opulus"
"1620","LL90",""
"1621","LL90","Acer saccharum"
"1622","LL90","Ageratina altissima"
"1623","LL90","Cardamine concatenata"
"1624","LL90","Claytonia virginica"
"1625","LL90","Erythronium albidum"
"1626","LL90","Galium aparine"
"1627","LL90","Galium triflorum"
"1628","LL90","Impatiens"
"1629","LL90","Maianthemum racemosum"
"1630","LL90","Osa"
"1631","LL90","Polygonum virginianum"
"1632","LL90","Sanicula"
"1633","LL90","Trillium recurvatum"
"1634","LL90","Ulmus rubra"
"1635","M118","Acer saccharum"
"1636","M118","Allium canadense"
"1637","M118","Cardamine concatenata"
"1638","M118","Erythronium albidum"
"1639","M118","Quercus alba"
"1640","M118","Ulmus rubra"
"1641","M126",""
"1642","M134",""
"1643","M134","Acer saccharum"
"1644","M134","Alliaria petiolata"
"1645","M134","Cardamine concatenata"
"1646","M137",""
"1647","M137","Acer saccharum"
"1648","MM108",""
"1649","MM108","Bromus inermis"
"1650","MM108","Symphyotrichum lateriflorum"
"1651","MM108","Trifolium repens"
"1652","LL110",""
"1653","LL110","Ageratina altissima"
"1654","LL110","Fraxinus"
"1655","LL110","Galium aparine"
"1656","LL110","Geum canadense"
"1657","LL110","Impatiens"
"1658","LL110","Phellodendron amurense"
"1659","LL110","Quercus alba"
"1660","LL110","Quercus macrocarpa"
"1661","LL110","Tilia americana"
"1662","LL110","Viola sororia"
"1663","MM114","Acer saccharum"
"1664","MM114","Cardamine concatenata"
"1665","MM114","Claytonia virginica"
"1666","MM114","Fraxinus"
"1667","MM114","Fraxinus americana"
"1668","MM114","Prunus serotina"
"1669","MM114","Quercus alba"
"1670","MM114","Tilia americana"
"1671","MM114","Ulmus americana"
"1672","N110","Acer saccharum"
"1673","N110","Cardamine concatenata"
"1674","N110","Claytonia virginica"
"1675","N110","Erythronium albidum"
"1676","N110","Lonicera maackii"
"1677","N110","Solidago flexicaulis"
"1678","N110","Tilia americana"
"1679","N113","Acer saccharum"
"1680","N113","Cardamine concatenata"
"1681","N113","Claytonia virginica"
"1682","N115",""
"1683","N115","Acer saccharum"
"1684","N116",""
"1685","N116","Acer saccharum"
"1686","N116","Asarum canadense"
"1687","N116","Cardamine concatenata"
"1688","N116","Claytonia virginica"
"1689","N116","Erythronium albidum"
"1690","N116","Floerkea proserpinacoides"
"1691","N116","Hydrophyllum virginianum"
"1692","N116","Ostrya virginiana"
"1693","N116","Sanicula gregaria"
"1694","N123",""
"1695","N123","Acer saccharum"
"1696","N123","Anemonella thalictroides"
"1697","N123","Cardamine concatenata"
"1698","N128","Acer saccharum"
"1699","N128","Carex hirtifolia"
"1700","N128","Floerkea proserpinacoides"
"1701","N128","Fraxinus"
"1702","N128","Quercus rubra"
"1703","N128","Rumex"
"1704","N128","Solidago flexicaulis"
"1705","N142",""
"1706","N142","Daucus carota"
"1707","N142","Dodecatheon meadia"
"1708","N142","Parthenocissus quinquefolia"
"1709","N142","Phalaris arundinacea"
"1710","N144",""
"1711","N144","Carex"
"1712","N144","Dodecatheon meadia"
"1713","N144","Geum canadense"
"1714","N144","Rosa carolina"
"1715","N144","Securigera varia"
"1716","N144","Viola"
"1717","NN105",""
"1718","NN105","Solidago canadensis"
"1719","NN105","Symphyotrichum drummondii"
"1720","NN105","Symphyotrichum lateriflorum"
"1721","NN114","Carex"
"1722","NN114","Fraxinus"
"1723","NN114","Galium aparine"
"1724","NN114","Geum canadense"
"1725","NN114","Rhamnus cathartica"
"1726","NN114","Symphyotrichum drummondii"
"1727","NN114","Symphyotrichum lateriflorum"
"1728","NN114","Tilia americana"
"1729","NN114","Ulmus americana"
"1730","OO116","Acer saccharum"
"1731","OO116","Fraxinus"
"1732","OO116","Impatiens"
"1733","OO116","Lactuca species"
"1734","NN118",""
"1735","NN118","Acer saccharum"
"1736","NN118","Alliaria petiolata"
"1737","NN118","Claytonia virginica"
"1738","NN118","Fallopia scandens"
"1739","NN118","Impatiens capensis"
"1740","NN118","Maianthemum racemosum"
"1741","NN118","Polygonum virginianum"
"1742","NN118","Solidago canadensis"
"1743","NN118","Tilia americana"
"1744","NN126","Acer platanoides"
"1745","NN126","Carex"
"1746","NN126","Erigeron philadelphicus"
"1747","NN126","Lonicera maackii"
"1748","NN126","Malus sieboldii"
"1749","NN126","Parthenocissus quinquefolia"
"1750","NN126","Solidago canadensis"
"1751","NN126","Symphyotrichum drummondii"
"1752","NN126","Taraxacum campylodes"
"1753","NN136",""
"1754","NN136","Acer saccharum"
"1755","NN136","Arisaema triphyllum"
"1756","NN136","Cardamine concatenata"
"1757","NN136","Erythronium albidum"
"1758","NN136","Ulmus americana"
"1759","NN145","Alliaria petiolata"
"1760","NN145","Cardamine concatenata"
"1761","NN145","Circaea lutetiana subsp. canadensis"
"1762","NN145","Lonicera maackii"
"1763","NN145","Maianthemum racemosum"
"1764","NN145","Ranunculus hispidus"
"1765","NN145","Trillium recurvatum"
"1766","NN146",""
"1767","NN146","Fraxinus"
"1768","O105",""
"1769","O105","Acer saccharum"
"1770","O105","Anemonella thalictroides"
"1771","O105","Erythronium albidum"
"1772","O105","Taraxacum campylodes"
"1773","O108","Cardamine concatenata"
"1774","O108","Claytonia virginica"
"1775","O108","Hydrophyllum virginianum"
"1776","O109","Acer saccharum"
"1777","O109","Cardamine concatenata"
"1778","O109","Claytonia virginica"
"1779","O109","Erythronium albidum"
"1780","O121","Acer saccharum"
"1781","O121","Cardamine concatenata"
"1782","O121","Erythronium albidum"
"1783","O121","Uvularia grandiflora"
"1784","O131","Acer saccharum"
"1785","O131","Claytonia virginica"
"1786","O131","Erythronium albidum"
"1787","O131","Floerkea proserpinacoides"
"1788","O131","Fraxinus"
"1789","O131","Geum canadense"
"1790","O131","Solidago ulmifolia"
"1791","O135","Acer saccharum"
"1792","O135","Impatiens capensis"
"1793","O136","Acer saccharum"
"1794","O136","Asarum canadense"
"1795","O136","Floerkea proserpinacoides"
"1796","O136","Fraxinus"
"1797","O136","Impatiens capensis"
"1798","O136","Rosa"
"1799","OO100","Alliaria petiolata"
"1800","OO100","Arisaema triphyllum"
"1801","OO100","Circaea lutetiana"
"1802","OO101",""
"1803","OO101","Ambrosia artemisiifolia"
"1804","OO101","Bromus inermis"
"1805","OO101","Celastrus orbiculatus"
"1806","OO101","Galium aparine"
"1807","OO101","Hairy weed"
"1808","OO101","Maianthemum racemosum"
"1809","OO101","Poa pratensis"
"1810","OO101","Polygonum virginianum"
"1811","OO101","Quercus macrocarpa"
"1812","OO101","Solidago canadensis"
"1813","OO101","Symphyotrichum drummondii"
"1814","OO101","Taraxacum campylodes"
"1815","OO101","Tilia americana"
"1816","OO103",""
"1817","OO103","Agrimonia gryposepala"
"1818","OO103","Bromus inermis"
"1819","OO103","Poa pratensis"
"1820","OO103","Solidago canadensis"
"1821","OO103","Symphyotrichum drummondii"
"1822","OO103","Viola"
"1823","OO110",""
"1824","OO110","Daucus carota"
"1825","OO110","Phalaris arundinacea"
"1826","OO110","Potentilla simplex"
"1827","OO110","Prunella vulgaris"
"1828","OO110","Quercus alba"
"1829","OO110","Solidago gigantea"
"1830","OO110","Viola sororia"
"1831","NN110",""
"1832","NN110","Ageratina altissima"
"1833","NN110","Anemone quinquefolia"
"1834","NN110","Carex"
"1835","NN110","Circaea lutetiana"
"1836","NN110","Galium triflorum"
"1837","NN110","Quercus alba"
"1838","NN110","Quercus rubra"
"1839","NN110","Solidago canadensis"
"1840","NN110","Symphyotrichum drummondii"
"1841","NN110","Tilia americana"
"1842","NN110","Viola sororia"
"1843","OO129","Acer saccharum"
"1844","OO129","Parthenocissus quinquefolia"
"1845","OO129","Rhamnus cathartica"
"1846","OO129","Tilia americana"
"1847","OO130",""
"1848","OO130","Acer saccharum"
"1849","OO130","Alliaria petiolata"
"1850","OO130","Erythronium albidum"
"1851","OO130","Euonymus"
"1852","OO130","Trillium recurvatum"
"1853","OO130","Ulmus americana"
"1854","OO146",""
"1855","OO146","Acer saccharum"
"1856","OO146","Allium canadense"
"1857","OO146","Amorpha"
"1858","OO146","Carex"
"1859","OO146","Erythronium albidum"
"1860","OO146","Geum canadense"
"1861","P107","Acer saccharum"
"1862","P107","Claytonia virginica"
"1863","P107","Hydrophyllum virginianum"
"1864","P107","Lonicera maackii"
"1865","P107","Trillium grandiflorum"
"1866","O112","Acer saccharum"
"1867","O112","Cardamine concatenata"
"1868","O112","Geum canadense"
"1869","O112","Trillium recurvatum"
"1870","O112","Uvularia grandiflora"
"1871","P124",""
"1872","P124","Acer saccharum"
"1873","P124","Anemone quinquefolia"
"1874","P124","Cardamine concatenata"
"1875","P124","Carex pensylvanica"
"1876","P124","Erythronium albidum"
"1877","P124","Solidago flexicaulis"
"1878","P126","Acer saccharum"
"1879","P126","Quercus alba"
"1880","P126","Quercus rubra"
"1881","P138",""
"1882","P138","Cirsium"
"1883","P138","Juglans nigra"
"1884","P138","Rubus allegheniensis"
"1885","PP101",""
"1886","PP101","Ageratina altissima"
"1887","PP101","Agrimonia gryposepala"
"1888","PP101","Symphyotrichum drummondii"
"1889","PP102",""
"1890","PP102","Prunella vulgaris"
"1891","PP102","Solidago canadensis"
"1892","PP102","Sonchus species"
"1893","PP102","Symphyotrichum drummondii"
"1894","PP107",""
"1895","PP132",""
"1896","PP132","Acer platanoides"
"1897","PP132","Ulmus americana"
"1898","PP134","Acer saccharum"
"1899","PP134","Celtis occidentalis"
"1900","PP134","Fraxinus"
"1901","PP134","Impatiens capensis"
"1902","PP134","Lonicera maackii"
"1903","PP134","Quercus rubra"
"1904","PP134","Rhamnus cathartica"
"1905","PP134","Rosa multiflora"
"1906","PP134","Sanicula gregaria"
"1907","PP134","Toxicodendron radicans"
"1908","PP143",""
"1909","PP143","Acer saccharum"
"1910","PP143","Cardamine concatenata"
"1911","PP143","Erythronium albidum"
"1912","PP143","Fraxinus americana"
"1913","PP143","Ulmus rubra"
"1914","PP146",""
"1915","PP146","Erythronium albidum"
"1916","PP146","Fraxinus"
"1917","PP146","Maianthemum racemosum"
"1918","PP146","Quercus alba"
"1919","PP146","Trillium recurvatum"
"1920","PP146","Ulmus americana"
"1921","Q110","Acer saccharum"
"1922","Q110","Allium tricoccum var. burdickii"
"1923","Q110","Cardamine concatenata"
"1924","Q110","Carex albursina"
"1925","Q110","Claytonia virginica"
"1926","Q110","Impatiens"
"1927","Q120",""
"1928","Q120","Acer saccharum"
"1929","Q120","Cardamine concatenata"
"1930","Q122",""
"1931","Q122","Acer saccharum"
"1932","Q122","Cardamine concatenata"
"1933","Q122","Erythronium albidum"
"1934","Q129",""
"1935","Q129","Acer saccharum"
"1936","Q129","Cardamine concatenata"
"1937","Q129","Erythronium albidum"
"1938","Q129","Quercus alba"
"1939","Q129","Uvularia grandiflora"
"1940","Q132","Acer saccharum"
"1941","Q132","Alliaria petiolata"
"1942","Q132","Cardamine concatenata"
"1943","Q132","Claytonia virginica"
"1944","Q132","Floerkea proserpinacoides"
"1945","Q135","Acer saccharum"
"1946","Q135","Fraxinus"
"1947","Q135","Impatiens capensis"
"1948","Q135","Quercus alba"
"1949","Q96",""
"1950","Q96","Arisaema triphyllum"
"1951","Q96","Impatiens"
"1952","Q96","Symphyotrichum"
"1953","Q96","Trillium recurvatum"
"1954","QQ131","Acer saccharum"
"1955","QQ131","Arisaema triphyllum"
"1956","QQ131","Celtis occidentalis"
"1957","QQ131","Claytonia virginica"
"1958","QQ131","Fraxinus"
"1959","QQ131","Maianthemum racemosum"
"1960","QQ131","Prunus serotina"
"1961","QQ131","Rosa multiflora"
"1962","QQ131","Sanicula gregaria"
"1963","QQ131","Viola sororia"
"1964","QQ132","Parthenocissus quinquefolia"
"1965","QQ132","Populus deltoides"
"1966","QQ133",""
"1967","QQ133","Acer saccharum"
"1968","QQ133","Cardamine concatenata"
"1969","QQ133","Claytonia virginica"
"1970","QQ139",""
"1971","QQ139","Acer saccharum"
"1972","QQ139","Alliaria petiolata"
"1973","QQ139","Arisaema triphyllum"
"1974","QQ139","Cardamine concatenata"
"1975","QQ139","Erythronium albidum"
"1976","QQ139","Euonymus alatus"
"1977","QQ139","Lonicera maackii"
"1978","QQ139","Maianthemum racemosum"
"1979","QQ139","Prunus virginiana"
"1980","QQ139","Viola pubescens"
"1981","QQ140",""
"1982","QQ140","Acer saccharum"
"1983","QQ140","Cardamine concatenata"
"1984","QQ140","Erythronium albidum"
"1985","QQ140","Fraxinus"
"1986","QQ140","Geum canadense"
"1987","QQ140","Maianthemum racemosum"
"1988","QQ140","Trillium recurvatum"
"1989","QQ146",""
"1990","QQ146","Alliaria petiolata"
"1991","QQ146","Erythronium albidum"
"1992","QQ146","Fraxinus"
"1993","QQ146","Hydrophyllum virginianum"
"1994","QQ146","Impatiens capensis"
"1995","QQ146","Lonicera maackii"
"1996","QQ146","Maianthemum racemosum"
"1997","QQ146","Quercus macrocarpa"
"1998","QQ146","Trillium recurvatum"
"1999","R109",""
"2000","R109","Acer saccharum"
"2001","R109","Cardamine concatenata"
"2002","R109","Impatiens"
"2003","R109","Trillium recurvatum"
"2004","R109","Ulmus americana"
"2005","R113",""
"2006","R113","Acer saccharum"
"2007","R113","Cardamine concatenata"
"2008","R113","Claytonia virginica"
"2009","R113","Trillium recurvatum"
"2010","R116",""
"2011","R116","Acer saccharum"
"2012","R116","Anemone quinquefolia"
"2013","R116","Cardamine concatenata"
"2014","R116","Carex"
"2015","R116","Claytonia virginica"
"2016","R116","Erythronium albidum"
"2017","R116","Uvularia grandiflora"
"2018","R128",""
"2019","R128","Acer saccharum"
"2020","R128","Cardamine concatenata"
"2021","R128","Erythronium albidum"
"2022","R128","Podophyllum peltatum"
"2023","R75",""
"2024","R75","Acer saccharum"
"2025","R75","Anemone quinquefolia"
"2026","R75","Anemonella thalictroides"
"2027","R75","Elymus"
"2028","R75","Erythronium albidum"
"2029","R75","Polygonatum biflorum"
"2030","R75","Rubus allegheniensis"
"2031","R75","Rubus idaeus subsp. strigosus"
"2032","R75","Toxicodendron radicans"
"2033","R79",""
"2034","R79","Alisma subcordatum"
"2035","R79","Galium"
"2036","R79","Sium suave"
"2037","R79","Sparganium eurycarpum"
"2038","R83","Carex"
"2039","R83","Elymus"
"2040","R83","Erythronium albidum"
"2041","R83","Fragaria virginiana"
"2042","R83","Impatiens"
"2043","R83","Potentilla simplex"
"2044","R83","Quercus rubra"
"2045","R83","Solidago ulmifolia"
"2046","R83","Symphyotrichum shortii"
"2047","R83","Trillium recurvatum"
"2048","R86",""
"2049","R86","Ageratina altissima"
"2050","R86","Allium tricoccum var. burdickii"
"2051","R86","ASCGLA"
"2052","R86","Erythronium albidum"
"2053","R86","Hackelia virginiana"
"2054","R86","Impatiens"
"2055","R86","Ostrya virginiana"
"2056","R86","Ranunculus hispidus"
"2057","R86","Symphyotrichum"
"2058","RR113","Acer saccharum"
"2059","RR113","Circaea lutetiana"
"2060","RR113","Fraxinus"
"2061","RR113","Galium triflorum"
"2062","RR113","Lonicera tatarica"
"2063","RR113","Osmorhiza aristata var. aristata"
"2064","RR113","Quercus macrocarpa"
"2065","RR126","Alliaria petiolata"
"2066","RR126","Circaea lutetiana"
"2067","RR126","Impatiens capensis"
"2068","RR126","Morus alba"
"2069","RR126","Ulmus americana"
"2070","RR128","Alliaria petiolata"
"2071","RR128","Morus alba"
"2072","RR129",""
"2073","RR129","Alliaria petiolata"
"2074","RR129","Arisaema triphyllum"
"2075","RR129","Cardamine concatenata"
"2076","RR129","Carex"
"2077","RR138","Cardamine concatenata"
"2078","RR138","Erythronium albidum"
"2079","RR138","Fraxinus"
"2080","RR138","Lonicera maackii"
"2081","RR138","Ribes missouriense"
"2082","RR138","Toxicodendron radicans"
"2083","RR139","Acer saccharum"
"2084","RR139","Cardamine concatenata"
"2085","RR139","Carex pensylvanica"
"2086","RR139","Erythronium albidum"
"2087","RR139","Fraxinus"
"2088","RR139","Maianthemum racemosum"
"2089","RR139","Ostrya virginiana"
"2090","RR139","Trillium recurvatum"
"2091","RR142","Acer saccharum"
"2092","RR142","Cardamine concatenata"
"2093","RR142","Carya"
"2094","RR142","Erythronium albidum"
"2095","RR142","Prunus virginiana"
"2096","RR142","Trillium recurvatum"
"2097","RR142","Ulmus"
"2098","S105",""
"2099","S105","Acer saccharum"
"2100","S105","Cardamine concatenata"
"2101","S105","Claytonia virginica"
"2102","S105","Erythronium albidum"
"2103","S105","Podophyllum peltatum"
"2104","S111",""
"2105","S111","Acer saccharum"
"2106","S111","Cardamine concatenata"
"2107","S111","Crataegus"
"2108","S111","Erythronium albidum"
"2109","S111","Floerkea proserpinacoides"
"2110","S111","Geum canadense"
"2111","S111","Impatiens"
"2112","S111","Mertensia virginica"
"2113","S126","Acer saccharum"
"2114","S126","Allium canadense"
"2115","S126","Cardamine concatenata"
"2116","S126","Erythronium albidum"
"2117","S126","Populus deltoides"
"2118","S134","Acer saccharum"
"2119","S134","Cardamine concatenata"
"2120","S134","Floerkea proserpinacoides"
"2121","S134","Fraxinus"
"2122","S134","Impatiens capensis"
"2123","S134","Rhamnus cathartica"
"2124","U70","Carya cordiformis"
"2125","U70","Ulmus americana"
"2126","T70",""
"2127","T70","Alliaria petiolata"
"2128","T70","Camassia scilloides"
"2129","T70","Carex"
"2130","T70","Daucus carota"
"2131","T70","Elymus"
"2132","T70","Erythronium albidum"
"2133","T70","Lonicera maackii"
"2134","T70","Taraxacum campylodes"
"2135","S70",""
"2136","S70","Alliaria petiolata"
"2137","S70","Camassia scilloides"
"2138","S70","Erythronium albidum"
"2139","S70","Galium aparine"
"2140","S70","Geum canadense"
"2141","S70","Impatiens"
"2142","S70","Phalaris arundinacea"
"2143","S70","Poa pratensis"
"2144","S70","Symphyotrichum drummondii"
"2145","S70","Toxicodendron radicans"
"2146","S72","Aesculus"
"2147","S72","Erythronium albidum"
"2148","S72","Impatiens"
"2149","S72","Polygonum virginianum"
"2150","S72","Quercus macrocarpa"
"2151","S72","Rubus idaeus subsp. strigosus"
"2152","S72","Symphyotrichum lateriflorum"
"2153","S75",""
"2154","S75","Acer saccharum"
"2155","S75","Alliaria petiolata"
"2156","S75","Cardamine"
"2157","S75","Erythronium albidum"
"2158","S75","Parthenocissus quinquefolia"
"2159","S75","Polygonum virginianum"
"2160","S75","Rubus allegheniensis"
"2161","S86",""
"2162","S86","Ageratina altissima"
"2163","S86","Allium canadense"
"2164","S86","Erythronium albidum"
"2165","S86","Solidago ulmifolia"
"2166","S86","Taraxacum campylodes"
"2167","S86","Viola sororia"
"2168","S97",""
"2169","S97","Acer saccharum"
"2170","S97","Circaea lutetiana"
"2171","S97","Erythronium albidum"
"2172","S97","Rubus allegheniensis"
"2173","SS113","Acalypha virginica var. rhomboidea"
"2174","SS113","Circaea lutetiana"
"2175","SS113","Hackelia virginiana"
"2176","SS113","Impatiens capensis"
"2177","SS113","Lonicera tatarica"
"2178","SS113","Maianthemum racemosum"
"2179","SS113","Rubus occidentalis"
"2180","SS113","Symphyotrichum drummondii"
"2181","SS136",""
"2182","SS136","Alliaria petiolata"
"2183","SS136","Allium canadense"
"2184","SS136","Arisaema triphyllum"
"2185","SS136","Cardamine concatenata"
"2186","SS136","Fraxinus pennsylvanica"
"2187","SS136","Impatiens"
"2188","SS136","Ranunculus septentrionalis"
"2189","SS136","Rhamnus cathartica"
"2190","SS136","Rosa multiflora"
"2191","SS141","Arisaema triphyllum"
"2192","SS141","Berberis thunbergii"
"2193","SS141","Impatiens capensis"
"2194","SS141","Symphyotrichum lateriflorum"
"2195","SS141","Thelypteris confluens"
"2196","SS142",""
"2197","SS142","Erythronium albidum"
"2198","SS142","Fraxinus"
"2199","SS142","Lonicera maackii"
"2200","SS142","Quercus ellipsoidalis"
"2201","SS142","Ulmus rubra"
"2202","T114",""
"2203","T114","Acer saccharum"
"2204","T114","Cardamine concatenata"
"2205","T114","Celtis occidentalis"
"2206","T114","Erythronium albidum"
"2207","T114","Fraxinus"
"2208","T114","Impatiens"
"2209","T114","Polygonum virginianum"
"2210","T122",""
"2211","T122","Acer saccharum"
"2212","T122","Anemone quinquefolia"
"2213","T122","Cardamine concatenata"
"2214","T122","Claytonia virginica"
"2215","T127","Acer saccharum"
"2216","T127","Cardamine concatenata"
"2217","T127","Erythronium albidum"
"2218","T127","Galium aparine"
"2219","T127","Impatiens"
"2220","T127","Phlox divaricata"
"2221","T127","Solidago ulmifolia"
"2222","T132",""
"2223","T132","Acer saccharum"
"2224","T132","Cardamine concatenata"
"2225","T132","Trillium recurvatum"
"2226","T147",""
"2227","T147","Parthenocissus quinquefolia"
"2228","T147","Symphyotrichum drummondii"
"2229","T147","Thalictrum dioicum"
"2230","T75","Acer saccharum"
"2231","T75","Erythronium albidum"
"2232","T75","Quercus rubra"
"2233","T75","Toxicodendron radicans"
"2234","T77",""
"2235","T77","Acer saccharum"
"2236","T77","Alliaria petiolata"
"2237","T77","Cardamine concatenata"
"2238","T77","Erythronium albidum"
"2239","T84",""
"2240","T84","Arisaema triphyllum"
"2241","T84","Galium triflorum"
"2242","T84","Impatiens"
"2243","T84","Lonicera maackii"
"2244","T84","Polygonatum biflorum"
"2245","T84","Quercus ellipsoidalis"
"2246","T84","Symphyotrichum"
"2247","T84","Trillium recurvatum"
"2248","T88","Arisaema triphyllum"
"2249","T88","Carex"
"2250","T88","Erythronium albidum"
"2251","T88","Eupatorium purpureum"
"2252","T88","Geum canadense"
"2253","T88","Impatiens"
"2254","T88","Lonicera maackii"
"2255","T88","Symphyotrichum"
"2256","T88","Symphyotrichum drummondii"
"2257","T88","Taraxacum campylodes"
"2258","TT110",""
"2259","TT110","Ageratina altissima"
"2260","TT110","Circaea lutetiana"
"2261","TT110","Podophyllum peltatum"
"2262","TT110","Quercus alba"
"2263","TT110","Solidago canadensis"
"2264","TT110","Symphyotrichum drummondii"
"2265","TT129","Alliaria petiolata"
"2266","TT129","Galium aparine"
"2267","TT129","Morus alba"
"2268","TT129","Parthenocissus quinquefolia"
"2269","TT129","Ulmus pumila"
"2270","TT130",""
"2271","TT130","Acer saccharum"
"2272","TT130","Fraxinus"
"2273","TT130","Ulmus pumila"
"2274","TT131",""
"2275","TT131","Acer saccharum"
"2276","TT131","Alliaria petiolata"
"2277","TT131","Galium aparine"
"2278","TT131","Maianthemum racemosum"
"2279","TT132","Acer saccharum"
"2280","TT132","Alliaria petiolata"
"2281","TT132","Claytonia virginica"
"2282","TT132","Fraxinus pennsylvanica"
"2283","TT132","Galium aparine"
"2284","TT132","Trillium recurvatum"
"2285","TT132","Ulmus americana"
"2286","TT133","Acer negundo"
"2287","TT133","Acer saccharum"
"2288","TT133","Alliaria petiolata"
"2289","TT133","Cardamine concatenata"
"2290","TT133","Circaea lutetiana"
"2291","TT133","Geum canadense"
"2292","TT133","Malus"
"2293","TT133","Ulmus americana"
"2294","TT137","Allium canadense"
"2295","TT137","Cardamine concatenata"
"2296","TT137","Erythronium albidum"
"2297","TT137","Impatiens capensis"
"2298","TT140",""
"2299","TT140","Agrimonia gryposepala"
"2300","TT140","Alliaria petiolata"
"2301","TT140","Amphicarpaea bracteata"
"2302","TT140","Arisaema triphyllum"
"2303","TT140","Circaea lutetiana subsp. canadensis"
"2304","TT140","Erythronium albidum"
"2305","TT140","Hydrophyllum appendiculatum"
"2306","TT140","Menispermum canadense"
"2307","TT140","Polygonum virginianum"
"2308","TT140","Quercus alba"
"2309","TT143",""
"2310","TT143","Acer negundo"
"2311","TT143","Fraxinus"
"2312","TT143","Glyceria striata"
"2313","TT143","Scutellaria lateriflora"
"2314","TT143","Symphyotrichum lateriflorum"
"2315","TT143","Ulmus rubra"
"2316","TT145","Alliaria petiolata"
"2317","TT145","Arisaema triphyllum"
"2318","TT145","Carex jamesii"
"2319","TT145","Fraxinus pennsylvanica"
"2320","TT145","Lonicera maackii"
"2321","TT145","Polygonum virginianum"
"2322","U107","Acer saccharum"
"2323","U107","Allium"
"2324","U107","Claytonia virginica"
"2325","U107","Erythronium albidum"
"2326","U107","Floerkea proserpinacoides"
"2327","U107","Galium aparine"
"2328","U107","Lonicera maackii"
"2329","U110",""
"2330","U110","Acer saccharum"
"2331","U110","Anemonella thalictroides"
"2332","U110","Cardamine concatenata"
"2333","U110","Cardamine douglassii"
"2334","U110","Carex"
"2335","U110","Claytonia virginica"
"2336","U110","Erythronium albidum"
"2337","U110","Floerkea proserpinacoides"
"2338","U110","Fraxinus"
"2339","U110","Lonicera maackii"
"2340","U110","Rosa multiflora"
"2341","U110","Solidago"
"2342","U110","Toxicodendron radicans"
"2343","U111",""
"2344","U111","Acer saccharum"
"2345","U111","Cardamine concatenata"
"2346","U111","Claytonia virginica"
"2347","U111","Erythronium albidum"
"2348","U111","Floerkea proserpinacoides"
"2349","U111","Impatiens"
"2350","U111","Ulmus americana"
"2351","U125","Acer saccharum"
"2352","U125","Anemonella thalictroides"
"2353","U125","Ranunculus hispidus"
"2354","U125","Symphyotrichum shortii"
"2355","U130",""
"2356","U130","Acer saccharum"
"2357","U130","Claytonia virginica"
"2358","U130","Floerkea proserpinacoides"
"2359","U130","Fraxinus"
"2360","U130","Geranium maculatum"
"2361","U130","Ranunculus hispidus"
"2362","U130","Stylophorum diphyllum"
"2363","U134",""
"2364","U134","Acer saccharum"
"2365","U134","Anemonella thalictroides"
"2366","V95","Ageratina altissima"
"2367","V95","Allium canadense"
"2368","V95","Barbarea vulgaris"
"2369","V95","Camassia scilloides"
"2370","V95","Cercis canadensis"
"2371","V95","Elymus elymoides"
"2372","V95","Erythronium albidum"
"2373","V95","Euonymus alatus"
"2374","V95","Helianthus species"
"2375","V95","Juglans nigra"
"2376","V95","Nabalus albus"
"2377","V95","Oxalis"
"2378","V95","Solidago canadensis"
"2379","V95","Solidago ulmifolia"
"2380","V95","Symphyotrichum drummondii"
"2381","V95","Trillium recurvatum"
"2382","U95","Actaea pachypoda"
"2383","U95","AGRALT"
"2384","U95","Agrimonia gryposepala"
"2385","U95","Alliaria petiolata"
"2386","U95","Allium canadense"
"2387","U95","Carex"
"2388","U95","Circaea lutetiana"
"2389","U95","Erigeron annuus"
"2390","U95","Erythronium albidum"
"2391","U95","Fraxinus"
"2392","U95","Galium triflorum"
"2393","U95","Geum canadense"
"2394","U95","Helenium autumnale"
"2395","U95","Lonicera"
"2396","U95","Polygonatum biflorum"
"2397","U95","Prunella vulgaris"
"2398","U95","Quercus ellipsoidalis"
"2399","U95","Quercus macrocarpa"
"2400","U95","Rhamnus cathartica"
"2401","U95","Sanicula gregaria"
"2402","U95","Solidago canadensis"
"2403","U95","Solidago ulmifolia"
"2404","U95","Symphyotrichum drummondii"
"2405","U95","Taraxacum campylodes"
"2406","U95","Tragopogon species"
"2407","U95","Trillium recurvatum"
"2408","U95","Viola sororia"
"2409","U98",""
"2410","U98","Erythronium albidum"
"2411","U98","Fraxinus"
"2412","U98","Geum canadense"
"2413","U98","Impatiens"
"2414","U98","Lonicera maackii"
"2415","U98","Symphyotrichum lateriflorum"
"2416","UU125","Acer saccharum"
"2417","UU125","Morus alba"
"2418","UU125","Prunus serotina"
"2419","UU129",""
"2420","UU129","Alliaria petiolata"
"2421","UU129","Rhamnus cathartica"
"2422","UU129","Ulmus americana"
"2423","UU132",""
"2424","UU132","Acer platanoides"
"2425","UU132","Acer saccharum"
"2426","UU132","Arisaema triphyllum"
"2427","UU132","Claytonia virginica"
"2428","UU132","Galium aparine"
"2429","VV122",""
"2430","VV122","Acer saccharum"
"2431","VV133","Acer saccharum"
"2432","VV133","Alliaria petiolata"
"2433","VV133","Cardamine concatenata"
"2434","VV133","Claytonia virginica"
"2435","VV133","Geum canadense"
"2436","VV133","Maianthemum racemosum"
"2437","VV133","Sanicula"
"2438","V111",""
"2439","V111","Acer saccharum"
"2440","V111","Anemone quinquefolia"
"2441","V111","Cardamine concatenata"
"2442","V111","Claytonia virginica"
"2443","V111","Dicentra cucullaria"
"2444","V111","Erythronium albidum"
"2445","V113",""
"2446","V113","Acer saccharum"
"2447","V113","Cardamine concatenata"
"2448","V113","Quercus alba"
"2449","V113","Trillium recurvatum"
"2450","V114",""
"2451","V114","Acer saccharum"
"2452","V114","Claytonia virginica"
"2453","V114","Erythronium albidum"
"2454","V114","Impatiens"
"2455","V114","Polygonum virginianum"
"2456","V134",""
"2457","V134","Acer saccharum"
"2458","V134","Alliaria petiolata"
"2459","V134","Cardamine concatenata"
"2460","V134","Impatiens"
"2461","V136","Acer saccharum"
"2462","V136","Celtis occidentalis"
"2463","V136","Fraxinus quadrangulata"
"2464","V76",""
"2465","V76","Acer saccharum"
"2466","V76","Glechoma hederacea"
"2467","V76","Parthenocissus quinquefolia"
"2468","V76","Rubus occidentalis"
"2469","V84",""
"2470","V84","Ageratina altissima"
"2471","V84","Alliaria petiolata"
"2472","V84","Anemonella thalictroides"
"2473","V84","Circaea lutetiana"
"2474","V84","Erythronium albidum"
"2475","V84","Hackelia virginiana"
"2476","V84","Lonicera maackii"
"2477","V84","Maianthemum racemosum"
"2478","V84","Ostrya virginiana"
"2479","V84","Oxalis"
"2480","V84","Quercus"
"2481","V84","Tilia americana"
"2482","V89",""
"2483","V89","Carya ovata"
"2484","W106","Acer saccharum"
"2485","W106","Alliaria petiolata"
"2486","W106","Claytonia virginica"
"2487","W106","Fraxinus"
"2488","W109",""
"2489","W109","Floerkea proserpinacoides"
"2490","W109","Impatiens"
"2491","W112","Acer saccharum"
"2492","W112","Anemone quinquefolia"
"2493","W112","Cardamine concatenata"
"2494","W112","Claytonia virginica"
"2495","W112","Erythronium albidum"
"2496","W112","Ulmus rubra"
"2497","V121",""
"2498","V121","Acer saccharum"
"2499","V121","Quercus macrocarpa"
"2500","W128","Acer saccharum"
"2501","W128","Claytonia virginica"
"2502","W128","Erythronium albidum"
"2503","W128","Galium aparine"
"2504","W128","Hydrophyllum virginianum"
"2505","W128","Impatiens"
"2506","W128","Maianthemum racemosum"
"2507","W128","Mertensia virginica"
"2508","W128","Pruser serotina"
"2509","W128","Tilia americana"
"2510","W132",""
"2511","W132","Acer saccharum"
"2512","W132","Cardamine concatenata"
"2513","W132","Impatiens"
"2514","W136",""
"2515","W136","Alliaria petiolata"
"2516","W136","Camassia scilloides"
"2517","W136","Floerkea proserpinacoides"
"2518","W136","Fraxinus"
"2519","W136","Mertensia virginica"
"2520","W137",""
"2521","W137","Carex"
"2522","W137","Elymus villosus"
"2523","W137","Geum canadense"
"2524","W137","Hackelia virginiana"
"2525","W137","Phalaris arundinacea"
"2526","W137","Ranunculus abortivus"
"2527","W137","Rubus occidentalis"
"2528","W137","Solidago canadensis"
"2529","W137","Teucrium canadense"
"2530","W137","Verbesina alternifolia"
"2531","W146",""
"2532","W146","Bidens species"
"2533","W146","Bromus"
"2534","W146","Rubus"
"2535","W146","Symphyotrichum pilosum"
"2536","W146","Veronicastrum virginicum"
"2537","W71",""
"2538","W71","Camassia scilloides"
"2539","W71","Galium aparine"
"2540","W71","Rubus idaeus subsp. strigosus"
"2541","W72",""
"2542","W72","Allium canadense"
"2543","W72","Allium tricoccum var. burdickii"
"2544","W72","Camassia scilloides"
"2545","W72","Celastrus orbiculatus"
"2546","W72","Erythronium albidum"
"2547","W72","Galium"
"2548","W72","Galium aparine"
"2549","W72","Impatiens"
"2550","W72","Rubus allegheniensis"
"2551","W72","Trillium recurvatum"
"2552","W87",""
"2553","W87","Allium canadense"
"2554","W87","Celtis occidentalis"
"2555","W87","Circaea lutetiana"
"2556","W87","Convolvulus"
"2557","W87","Elymus"
"2558","W87","Erythronium albidum"
"2559","W87","Eupatorium purpureum"
"2560","W87","Fraxinus"
"2561","W87","Impatiens"
"2562","W87","Prunus virginiana"
"2563","W87","Ranunculus hispidus"
"2564","W87","Rubus allegheniensis"
"2565","W87","Solidago canadensis"
"2566","W87","Symphyotrichum drummondii"
"2567","W87","Tilia americana"
"2568","W87","Trillium recurvatum"
"2569","W87","Viburnum"
"2570","W91","Ageratina altissima"
"2571","W91","Circaea lutetiana"
"2572","W91","Erythronium albidum"
"2573","W91","Fraxinus"
"2574","W91","Geranium maculatum"
"2575","W91","Geum canadense"
"2576","W91","Ostrya virginiana"
"2577","W91","Rubus occidentalis"
"2578","W91","Viola sororia"
"2579","W95","Ageratina altissima"
"2580","W95","Allium canadense"
"2581","W95","Carex"
"2582","W95","Cerastium"
"2583","W95","Daucus carota"
"2584","W95","Erigeron annuus"
"2585","W95","Fraxinus"
"2586","W95","Fraxinus pennsylvanica"
"2587","W95","Poa pratensis"
"2588","W95","Symphyotrichum drummondii"
"2589","W95","Veronica"
"2590","WW124","Acer saccharum"
"2591","WW124","Hesperis matronalis"
"2592","WW124","Prunus serotina"
"2593","WW130","Alliaria petiolata"
"2594","WW130","Arisaema triphyllum"
"2595","WW130","Tilia americana"
"2596","WW130","Trillium recurvatum"
"2597","WW130","Ulmus americana"
"2598","WW137","Agrimonia gryposepala"
"2599","WW137","Arisaema triphyllum"
"2600","WW137","Cardamine concatenata"
"2601","WW137","Carex"
"2602","WW137","Erythronium albidum"
"2603","WW137","Lonicera maackii"
"2604","WW137","Rhamnus cathartica"
"2605","WW137","Rubus occidentalis"
"2606","WW137","Symphyotrichum lateriflorum"
"2607","WW137","Viola sororia"
"2608","WW140","Acer saccharum"
"2609","WW140","Arisaema triphyllum"
"2610","WW140","Berberis thunbergii"
"2611","WW140","Cardamine concatenata"
"2612","WW140","Circaea lutetiana"
"2613","WW140","Erythronium albidum"
"2614","WW140","Geranium maculatum"
"2615","WW140","Smilax illinoensis"
"2616","X110",""
"2617","X110","Acer saccharum"
"2618","X110","Alliaria petiolata"
"2619","X110","Carya cordiformis"
"2620","X110","Fraxinus"
"2621","X110","Polygonatum biflorum"
"2622","X110","Trillium recurvatum"
"2623","X118","Acer saccharum"
"2624","X118","Cardamine concatenata"
"2625","X118","Claytonia virginica"
"2626","X118","Impatiens capensis"
"2627","Y121",""
"2628","Y121","Acer saccharum"
"2629","Y121","Ostrya virginiana"
"2630","Y121","Quercus alba"
"2631","X125","Acer saccharum"
"2632","X125","Cardamine concatenata"
"2633","X125","Celtis occidentalis"
"2634","X125","Claytonia virginica"
"2635","X125","Geranium maculatum"
"2636","X125","Geum canadense"
"2637","X125","Impatiens"
"2638","X125","Taraxacum campylodes"
"2639","X125","Ulmus americana"
"2640","X138",""
"2641","X138","Apocynum cannabinum"
"2642","X138","Brassica"
"2643","X138","Chenopodium"
"2644","X138","Polygonum"
"2645","X139",""
"2646","X139","Carex trichocarpa"
"2647","X139","Chenopodium"
"2648","X139","Plantago lanceolata"
"2649","X139","Torilis japonica"
"2650","X139","Verbesina alternifolia"
"2651","Y141",""
"2652","Y141","Crataegus"
"2653","Y141","Monarda fistulosa"
"2654","Y141","Phalaris arundinacea"
"2655","Y141","Prunus serotina"
"2656","Y141","Rosa carolina"
"2657","Y141","Securigera varia"
"2658","Y141","Solidago canadensis"
"2659","Y141","Verbesina alternifolia"
"2660","X143",""
"2661","X143","Bidens species"
"2662","X143","Carex"
"2663","X143","Geum"
"2664","X143","Juncus"
"2665","X143","Rumex crispus"
"2666","X143","Symphyotrichum lanceolatum"
"2667","X143","Taraxacum campylodes"
"2668","X76","Acer saccharum"
"2669","X76","Cornus"
"2670","X76","Impatiens"
"2671","X76","Rubus allegheniensis"
"2672","X76","Rubus occidentalis"
"2673","X78",""
"2674","X78","Aster"
"2675","X78","Carex"
"2676","X78","Fragaria virginiana"
"2677","X78","Fraxinus"
"2678","X78","Galium"
"2679","X78","Impatiens"
"2680","X78","Oxalis stricta"
"2681","X78","Poa pratensis"
"2682","X78","Quercus alba"
"2683","X78","Ranunculus hispidus"
"2684","X78","Sambucus canadensis"
"2685","X78","Taraxacum campylodes"
"2686","X87",""
"2687","X87","Quercus alba"
"2688","X93",""
"2689","X93","Ageratina altissima"
"2690","X93","Arisaema triphyllum"
"2691","X93","Circaea lutetiana"
"2692","X93","Galium triflorum"
"2693","X93","Geranium maculatum"
"2694","X93","Geum canadense"
"2695","XX125",""
"2696","XX125","Acer negundo"
"2697","XX125","Acer platanoides"
"2698","XX125","Acer saccharum"
"2699","XX125","Circaea lutetiana"
"2700","XX125","Morus alba"
"2701","XX125","Viola sororia"
"2702","XX129","Alliaria petiolata"
"2703","XX129","Morus alba"
"2704","XX129","Rosa multiflora"
"2705","XX134","Acer saccharum"
"2706","XX134","Arisaema triphyllum"
"2707","XX134","Cardamine concatenata"
"2708","XX134","Carex hirtifolia"
"2709","XX134","Carex jamesii"
"2710","XX134","Erythronium albidum"
"2711","XX134","Euonymus alatus"
"2712","XX134","Viola sororia var. missouriensis"
"2713","XX142","Circaea lutetiana"
"2714","XX142","Erythronium albidum"
"2715","XX142","Prunus virginiana"
"2716","XX147","Lonicera maackii"
"2717","XX147","Polygonatum biflorum"
"2718","XX147","Ribes"
"2719","XX147","Rubus occidentalis"
"2720","XX147","Sanguinaria canadensis"
"2721","Y105","Acer saccharum"
"2722","Y105","Claytonia virginica"
"2723","Y105","Ostrya virginiana"
"2724","Y105","Prunus serotina"
"2725","Y110","Acer saccharum"
"2726","Y110","Cardamine concatenata"
"2727","Y110","Fraxinus"
"2728","Y110","Ostrya virginiana"
"2729","Y112",""
"2730","Y112","Acer saccharum"
"2731","Y112","Anemone virginiana"
"2732","Y112","Cardamine concatenata"
"2733","Y112","Claytonia virginica"
"2734","Y112","Cystopteris protrusa"
"2735","Y112","Dicentra cucullaria"
"2736","Y112","Enemion biternatum"
"2737","Y112","Floerkea proserpinacoides"
"2738","Y112","Fraxinus pennsylvanica"
"2739","Y112","Hydrophyllum virginianum"
"2740","Y112","Osmorhiza"
"2741","Y112","Trillium recurvatum"
"2742","Y128",""
"2743","Y128","Acer saccharum"
"2744","Y128","Claytonia virginica"
"2745","Y128","Erythronium albidum"
"2746","Y128","Floerkea proserpinacoides"
"2747","Y128","Mertensia virginica"
"2748","Y128","Tilia americana"
"2749","Y130",""
"2750","Y130","Acer saccharum"
"2751","Y130","Cardamine concatenata"
"2752","Y130","Erythronium albidum"
"2753","Y130","Floerkea proserpinacoides"
"2754","Y130","Mertensia virginica"
"2755","Y135","Acer saccharum"
"2756","Y135","Allium canadense"
"2757","Y135","Ambrosia trifida"
"2758","Y135","Carex jamesii"
"2759","Y135","Fallopia scandens"
"2760","Y135","Floerkea proserpinacoides"
"2761","Y135","Laportea canadensis"
"2762","Y135","Lonicera maackii"
"2763","Y135","Polygonum virginianum"
"2764","Y135","Ranunculus hispidus"
"2765","Y135","Stylophorum diphyllum"
"2766","Y147",""
"2767","Y147","Alliaria petiolata"
"2768","Y147","Circaea lutetiana"
"2769","Y147","Convolvulus"
"2770","Y147","Geum canadense"
"2771","Y147","Hackelia virginiana"
"2772","Y147","Impatiens"
"2773","Y147","Juglans nigra"
"2774","Y147","Maianthemum racemosum"
"2775","Y147","Polygonum virginianum"
"2776","Y147","Viola"
"2777","Y90",""
"2778","Y90","Acer saccharum"
"2779","Y90","Carex hirtifolia"
"2780","Y90","Erythronium albidum"
"2781","Y90","Geum canadense"
"2782","Y94",""
"2783","Y94","Achillea millefolium"
"2784","Y94","Calystegia sepium"
"2785","Y94","Carex"
"2786","Y94","Fragaria virginiana"
"2787","Y94","Poa pratensis"
"2788","Y94","Potentilla simplex"
"2789","Y94","Solidago canadensis"
"2790","Y94","Symphyotrichum drummondii"
"2791","Y94","Symphyotrichum lateriflorum"
"2792","Y94","Symphyotrichum pilosum"
"2793","Y94","Trillium recurvatum"
"2794","Y96",""
"2795","Y96","Alliaria petiolata"
"2796","Y96","Erythronium albidum"
"2797","Y96","Fragaria virginiana"
"2798","Y96","Fraxinus"
"2799","Y96","Galium"
"2800","Y96","Impatiens"
"2801","Y96","Lactuca species"
"2802","Y96","Oxalis"
"2803","Y96","Quercus ellipsoidalis"
"2804","Y96","Solidago canadensis"
"2805","Y96","Solidago ulmifolia"
"2806","YY122",""
"2807","YY122","Anemone virginiana"
"2808","YY122","Daucus carota"
"2809","YY122","Fragaria virginiana"
"2810","YY122","Parthenocissus quinquefolia"
"2811","YY122","Prunus serotina"
"2812","YY122","Symphyotrichum drummondii"
"2813","YY122","Symphyotrichum lateriflorum"
"2814","YY122","Taraxacum campylodes"
"2815","YY132",""
"2816","YY132","Acer saccharum"
"2817","YY137","Alliaria petiolata"
"2818","YY137","Allium canadense"
"2819","YY137","Allium tricoccum var. burdickii"
"2820","YY137","Arisaema triphyllum"
"2821","YY137","Cardamine concatenata"
"2822","YY137","Carya cordiformis"
"2823","YY137","Erythronium albidum"
"2824","YY137","Fraxinus"
"2825","YY137","Ranunculus hispidus"
"2826","YY137","Rhamnus cathartica"
"2827","YY137","Ulmus americana"
"2828","YY140","Allium tricoccum var. burdickii"
"2829","YY140","Arisaema triphyllum"
"2830","YY140","Erythronium albidum"
"2831","YY140","Impatiens capensis"
"2832","YY140","Maianthemum racemosum"
"2833","YY140","Ranunculus septentrionalis"
"2834","YY140","Rhamnus cathartica"
"2835","YY140","Trillium recurvatum"
"2836","YY146",""
"2837","YY146","Persicaria amphibia"
"2838","YY146","Rumex"
"2839","Y115",""
"2840","Y115","Acer saccharum"
"2841","Y115","Allium"
"2842","Y115","Cardamine concatenata"
"2843","Y115","Erythronium albidum"
"2844","Y115","Floerkea proserpinacoides"
"2845","Y115","Impatiens capensis"
"2846","Y115","Mertensia virginica"
"2847","Y115","Prunus serotina"
"2848","Y115","Ranunculus hispidus"
"2849","Z118","Acer saccharum"
"2850","Z118","Carya cordiformis"
"2851","Z118","Claytonia virginica"
"2852","Z118","Floerkea proserpinacoides"
"2853","Z118","Fraxinus"
"2854","Z118","Galium aparine"
"2855","Z118","Podophyllum peltatum"
"2856","Z118","Quercus rubra"
"2857","Z122","Acer saccharum"
"2858","Z122","Fraxinus"
"2859","Z122","Prunus serotina"
"2860","Z122","Rhamnus cathartica"
"2861","Z122","Ulmus americana"
"2862","Z128","Acer saccharum"
"2863","Z128","Alliaria petiolata"
"2864","Z128","Claytonia virginica"
"2865","Z128","Dicentra cucullaria"
"2866","Z128","Fraxinus"
"2867","Z128","Impatiens"
"2868","Z128","Polygonatum biflorum"
"2869","Z128","Solidago flexicaulis"
"2870","Z132",""
"2871","Z132","Acer saccharum"
"2872","Z132","Claytonia virginica"
"2873","Z132","Erythronium albidum"
"2874","Z132","Floerkea proserpinacoides"
"2875","Z132","Impatiens"
"2876","Z132","Juglans nigra"
"2877","Z132","Mertensia virginica"
"2878","AA141",""
"2879","AA141","Bidens species"
"2880","AA141","Cirsium arvense"
"2881","AA141","Convolvulus"
"2882","AA141","Galium aparine"
"2883","AA141","Securigera varia"
"2884","AA141","Torilis"
"2885","Z143",""
"2886","Z143","Bidens species"
"2887","Z143","Carex"
"2888","Z143","Convolvulus"
"2889","Z143","Dactylis glomerata"
"2890","Z143","Dipsacus fullonum"
"2891","Z143","Geum canadense"
"2892","Z143","Phalaris arundinacea"
"2893","Z143","Symphyotrichum"
"2894","Z143","Symphyotrichum pilosum"
"2895","Z143","Torilis"
"2896","Z92",""
"2897","Z92","Acer saccharum"
"2898","Z92","Alliaria petiolata"
"2899","Z92","Anemone quinquefolia"
"2900","Z92","Carex"
"2901","Z92","Claytonia virginica"
"2902","Z92","Erythronium albidum"
"2903","Z92","Fraxinus"
"2904","Z92","Geum canadense"
"2905","Z92","Solidago ulmifolia"
"2906","ZZ130",""
"2907","ZZ130","Circaea lutetiana subsp. canadensis"
"2908","ZZ130","Erythronium albidum"
"2909","ZZ132","Ageratina altissima"
"2910","ZZ132","Alliaria petiolata"
"2911","ZZ132","Arisaema triphyllum"
"2912","ZZ132","Erythronium albidum"
"2913","ZZ132","Geum canadense"
"2914","ZZ132","Lonicera maackii"
"2915","ZZ132","Polygonum virginianum"
"2916","ZZ132","Prunus virginiana"
"2917","ZZ132","Urtica dioica"
"2918","ZZ134","Alliaria petiolata"
"2919","ZZ134","Allium canadense"
"2920","ZZ134","Circaea lutetiana subsp. canadensis"
"2921","ZZ134","Erythronium albidum"
"2922","ZZ134","Fraxinus pennsylvanica"
"2923","ZZ134","Geum canadense"
"2924","ZZ134","Ranunculus abortivus"
"2925","ZZ134","Symphyotrichum lateriflorum"
"2926","ZZ142","Berberis thunbergii"
"2927","ZZ142","Cardamine concatenata"
"2928","ZZ142","Erythronium albidum"
"2929","ZZ142","Polygonatum biflorum"
"2930","ZZ142","Toxicodendron radicans"
"2931","ZZ142","Ulmus americana"
"2932","B116","Quercus alba"
"2933","B116","Quercus rubra"
"2934","BB114","Tilia americana"
"2935","K131","Acer saccharum"
"2936","K131","Fraxinus americana"
"2937","N105",""
"2938","O86","Celtis occidentalis"
"2939","O86","Quercus alba"
"2940","O86","Quercus rubra"
"2941","O86","Tilia americana"
"2942","O86","Ulmus americana"
"2943","Q108","Acer saccharum"
"2944","Q108","Quercus alba"
"2945","V107","Acer saccharum"
"2946","V107","Populus deltoides"
"2947","V107","Ulmus americana"
"2948","CC132","Alliaria petiolata"
"2949","EE138","Arisaema dracontium"
"2950","EE138","Impatiens"
"2951","EE138","Malus sieboldii"
"2952","EE138","Ribes"
"2953","EE138","Rosa multiflora"
"2954","EE138","Rubus occidentalis"
"2955","EE138","Tilia americana"
"2956","HB130","Arisaema triphyllum"
"2957","HB130","Celtis occidentalis"
"2958","HB130","Lonicera maackii"
"2959","HB130","Tilia americana"
"2960","HD136","Ellisia nyctelea"
"2961","I38","Phalaris arundinacea"
"2962","K105","Allium"
"2963","K105","Anemone quinquefolia"
"2964","K105","Cardamine concatenata"
"2965","K105","Claytonia virginica"
"2966","K105","Erythronium albidum"
"2967","K105","Geranium maculatum"
"2968","K105","Toxicodendron radicans"
"2969","N136","Acer saccharum"
"2970","N136","Alliaria petiolata"
"2971","N136","Eupatorium"
"2972","N136","Floerkea proserpinacoides"
"2973","N136","Impatiens"
"2974","N136","Lactuca species"
"2975","O120",""
"2976","O120","Acer saccharum"
"2977","O120","Anemone quinquefolia"
"2978","O120","Claytonia virginica"
"2979","O120","Erythronium albidum"
"2980","T87",""
"2981","T87","Circaea lutetiana"
"2982","T87","Erythronium albidum"
"2983","T87","Geranium maculatum"
"2984","T87","Geum canadense"
"2985","T87","Impatiens"
"2986","T87","Parthenocissus quinquefolia"
"2987","T87","Polygonum virginianum"
"2988","T87","Rubus allegheniensis"
"2989","T87","Trillium recurvatum"
"2990","T89","Ageratina altissima"
"2991","T89","Arisaema triphyllum"
"2992","T89","Carex"
"2993","T89","Claytonia virginica"
"2994","T89","Elymus"
"2995","T89","Erythronium albidum"
"2996","T89","Geranium maculatum"
"2997","T89","Nabalus albus"
"2998","T89","Parthenocissus quinquefolia"
"2999","T89","Prunus virginiana"
"3000","T89","Solidago canadensis"
"3001","T89","Symphyotrichum"
"3002","T89","Symphyotrichum drummondii"
"3003","T89","Taraxacum campylodes"
"3004","Y70","Alliaria petiolata"
"3005","Y70","Cardamine concatenata"
"3006","Y70","Elymus"
"3007","Y70","Erythronium albidum"
"3008","Y70","Galium aparine"
"3009","Y70","Potentilla simplex"
"3010","A117","Acer saccharum"
"3011","A117","Ostrya virginiana"
"3012","A117","Rubus"
"3013","E114",""
"3014","EE106","Acer saccharum"
"3015","I135","Lonicera maackii"
"3016","I135","Rubus allegheniensis"
"3017","O134","Acer saccharum"
"3018","P129",""
"3019","V74",""
"3020","W142","Rhamnus cathartica"
